time,city,latitude,longitude,us_aqi,pm2_5,pm10,carbon_monoxide,nitrogen_dioxide,sulphur_dioxide,ozone
2026-10-06T02:30,Wellawaya,6.7378,81.1031,51,12.7,12.9,824.0,11.3,1.0,8.0
2026-10-06T02:30,Colombo,6.9271,79.8612,79,23.9,25.9,977.0,35.5,15.9,22.0
2026-10-06T02:30,Kandy,7.2906,80.6337,58,19.6,19.8,625.0,13.8,1.3,15.0
2026-10-06T02:30,Galle,6.0535,80.221,69,25.4,28.2,513.0,28.2,8.6,25.0
2026-10-06T02:30,Jaffna,9.6615,80.0255,50,7.8,9.7,182.0,4.0,0.9,52.0
2026-10-06T02:30,Nuwara Eliya,6.9497,80.7891,50,11.9,12.1,514.0,12.9,1.1,20.0
2026-10-06T02:30,Trincomalee,8.5874,81.2152,39,7.8,8.1,244.0,7.1,0.9,39.0
2026-10-06T03:30,Wellawaya,6.7378,81.1031,51,12.6,12.8,762.0,11.3,0.9,7.0
2026-10-06T03:30,Colombo,6.9271,79.8612,80,22.1,23.1,853.0,34.1,16.1,19.0
2026-10-06T03:30,Kandy,7.2906,80.6337,58,18.6,18.9,567.0,13.0,1.1,15.0
2026-10-06T03:30,Galle,6.0535,80.221,70,25.6,28.4,444.0,27.0,8.5,23.0
2026-10-06T03:30,Jaffna,9.6615,80.0255,50,7.6,9.4,192.0,4.1,0.9,49.0
2026-10-06T03:30,Nuwara Eliya,6.9497,80.7891,51,11.8,12.1,432.0,11.8,0.9,21.0
2026-10-06T03:30,Trincomalee,8.5874,81.2152,39,8.5,8.8,238.0,8.3,0.8,30.0
2026-10-06T03:30,Gampaha,7.0917,79.9997,73,21.4,21.5,1120.0,25.7,5.4,16.0
2026-10-06T03:30,Kalutara,6.5854,79.9607,73,24.0,27.4,446.0,26.1,15.4,23.0
2026-10-06T03:30,Matale,7.4675,80.6234,52,11.6,11.8,241.0,9.6,1.0,24.0
2026-10-06T03:30,Matara,5.9549,80.555,70,25.6,28.4,135.0,27.0,8.5,23.0
2026-10-06T03:30,Hambantota,6.1241,81.1185,59,8.0,9.3,239.0,8.2,3.3,65.0
2026-10-06T03:30,Kilinochchi,9.3803,80.377,39,6.9,7.5,156.0,3.8,0.6,32.0
2026-10-06T03:30,Mannar,8.981,79.9044,48,7.1,9.1,144.0,3.8,1.4,47.0
2026-10-06T03:30,Vavuniya,8.7514,80.4971,39,9.1,10.0,246.0,5.5,1.0,31.0
2026-10-06T03:30,Mullaitivu,9.2671,80.8142,42,6.1,6.5,187.0,3.2,0.7,46.0
2026-10-06T03:30,Batticaloa,7.731,81.6747,51,8.6,9.3,204.0,6.0,0.7,29.0
2026-10-06T03:30,Ampara,7.2975,81.682,54,10.9,11.6,197.0,7.6,0.7,19.0
2026-10-06T03:30,Kurunegala,7.4863,80.3623,56,13.3,13.5,405.0,11.5,1.2,20.0
2026-10-06T03:30,Puttalam,8.0362,79.8283,53,9.1,9.9,443.0,8.4,2.5,37.0
2026-10-06T03:30,Anuradhapura,8.3114,80.4037,45,12.1,13.2,315.0,8.3,1.1,34.0
2026-10-06T03:30,Polonnaruwa,7.9403,81.0188,43,10.8,11.1,322.0,9.2,0.7,27.0
2026-10-06T03:30,Badulla,6.9934,81.055,51,12.6,12.8,392.0,11.3,0.9,7.0
2026-10-06T03:30,Monaragala,6.8728,81.3507,51,12.6,12.8,232.0,11.3,0.9,7.0
2026-10-06T03:30,Ratnapura,6.6828,80.3992,63,16.1,16.2,296.0,14.5,2.1,18.0
2026-10-06T03:30,Kegalle,7.2513,80.3464,66,21.4,21.5,616.0,18.7,1.4,3.0
