year,week,week_start,week_end,district,cases,cumulative_cases,source_report_week
2026,1,2025-12-29,2026-01-04,Colombo,523,523,1
2026,1,2025-12-29,2026-01-04,Gampaha,312,312,1
2026,1,2025-12-29,2026-01-04,Kalutara,119,119,1
2026,1,2025-12-29,2026-01-04,Kandy,91,91,1
2026,1,2025-12-29,2026-01-04,Matale,40,40,1
2026,1,2025-12-29,2026-01-04,Nuwara Eliya,6,6,1
2026,1,2025-12-29,2026-01-04,Galle,72,72,1
2026,1,2025-12-29,2026-01-04,Hambantota,25,25,1
2026,1,2025-12-29,2026-01-04,Matara,90,90,1
2026,1,2025-12-29,2026-01-04,Jaffna,54,54,1
2026,1,2025-12-29,2026-01-04,Kilinochchi,5,5,1
2026,1,2025-12-29,2026-01-04,Mannar,4,4,1
2026,1,2025-12-29,2026-01-04,Vavuniya,0,0,1
2026,1,2025-12-29,2026-01-04,Mullaitivu,0,0,1
2026,1,2025-12-29,2026-01-04,Batticaloa,16,16,1
2026,1,2025-12-29,2026-01-04,Ampara,12,12,1
2026,1,2025-12-29,2026-01-04,Trincomalee,16,16,1
2026,1,2025-12-29,2026-01-04,Kalmunai,25,25,1
2026,1,2025-12-29,2026-01-04,Kurunegala,48,48,1
2026,1,2025-12-29,2026-01-04,Puttalam,27,27,1
2026,1,2025-12-29,2026-01-04,Anuradhapura,21,21,1
2026,1,2025-12-29,2026-01-04,Polonnaruwa,6,6,1
2026,1,2025-12-29,2026-01-04,Badulla,23,23,1
2026,1,2025-12-29,2026-01-04,Monaragala,32,32,1
2026,1,2025-12-29,2026-01-04,Ratnapura,87,87,1
2026,1,2025-12-29,2026-01-04,Kegalle,35,35,1
2026,2,2026-01-05,2026-01-11,Colombo,634,1159,2
2026,2,2026-01-05,2026-01-11,Gampaha,279,586,2
2026,2,2026-01-05,2026-01-11,Kalutara,96,211,2
2026,2,2026-01-05,2026-01-11,Kandy,95,182,2
2026,2,2026-01-05,2026-01-11,Matale,25,65,2
2026,2,2026-01-05,2026-01-11,Nuwara Eliya,5,14,2
2026,2,2026-01-05,2026-01-11,Galle,126,198,2
2026,2,2026-01-05,2026-01-11,Hambantota,43,68,2
2026,2,2026-01-05,2026-01-11,Matara,132,221,2
2026,2,2026-01-05,2026-01-11,Jaffna,35,87,2
2026,2,2026-01-05,2026-01-11,Kilinochchi,2,7,2
2026,2,2026-01-05,2026-01-11,Mannar,0,4,2
2026,2,2026-01-05,2026-01-11,Vavuniya,4,4,2
2026,2,2026-01-05,2026-01-11,Mullaitivu,3,3,2
2026,2,2026-01-05,2026-01-11,Batticaloa,25,39,2
2026,2,2026-01-05,2026-01-11,Ampara,22,34,2
2026,2,2026-01-05,2026-01-11,Trincomalee,25,41,2
2026,2,2026-01-05,2026-01-11,Kalmunai,22,46,2
2026,2,2026-01-05,2026-01-11,Kurunegala,53,101,2
2026,2,2026-01-05,2026-01-11,Puttalam,41,69,2
2026,2,2026-01-05,2026-01-11,Anuradhapura,10,31,2
2026,2,2026-01-05,2026-01-11,Polonnaruwa,10,16,2
2026,2,2026-01-05,2026-01-11,Badulla,26,49,2
2026,2,2026-01-05,2026-01-11,Monaragala,24,57,2
2026,2,2026-01-05,2026-01-11,Ratnapura,72,158,2
2026,2,2026-01-05,2026-01-11,Kegalle,44,80,2
2026,3,2026-01-12,2026-01-18,Colombo,617,1574,3
2026,3,2026-01-12,2026-01-18,Gampaha,249,699,3
2026,3,2026-01-12,2026-01-18,Kalutara,106,264,3
2026,3,2026-01-12,2026-01-18,Kandy,61,211,3
2026,3,2026-01-12,2026-01-18,Matale,27,76,3
2026,3,2026-01-12,2026-01-18,Nuwara Eliya,8,17,3
2026,3,2026-01-12,2026-01-18,Galle,141,319,3
2026,3,2026-01-12,2026-01-18,Hambantota,116,173,3
2026,3,2026-01-12,2026-01-18,Matara,138,336,3
2026,3,2026-01-12,2026-01-18,Jaffna,31,95,3
2026,3,2026-01-12,2026-01-18,Kilinochchi,2,7,3
2026,3,2026-01-12,2026-01-18,Mannar,1,5,3
2026,3,2026-01-12,2026-01-18,Vavuniya,5,9,3
2026,3,2026-01-12,2026-01-18,Mullaitivu,2,5,3
2026,3,2026-01-12,2026-01-18,Batticaloa,38,70,3
2026,3,2026-01-12,2026-01-18,Ampara,7,40,3
2026,3,2026-01-12,2026-01-18,Trincomalee,22,60,3
2026,3,2026-01-12,2026-01-18,Kalmunai,27,64,3
2026,3,2026-01-12,2026-01-18,Kurunegala,31,109,3
2026,3,2026-01-12,2026-01-18,Puttalam,32,88,3
2026,3,2026-01-12,2026-01-18,Anuradhapura,15,34,3
2026,3,2026-01-12,2026-01-18,Polonnaruwa,7,21,3
2026,3,2026-01-12,2026-01-18,Badulla,30,65,3
2026,3,2026-01-12,2026-01-18,Monaragala,19,62,3
2026,3,2026-01-12,2026-01-18,Ratnapura,96,219,3
2026,3,2026-01-12,2026-01-18,Kegalle,43,105,3
2026,4,2026-01-19,2026-01-25,Colombo,547,2122,4
2026,4,2026-01-19,2026-01-25,Gampaha,271,969,4
2026,4,2026-01-19,2026-01-25,Kalutara,75,336,4
2026,4,2026-01-19,2026-01-25,Kandy,75,286,4
2026,4,2026-01-19,2026-01-25,Matale,30,106,4
2026,4,2026-01-19,2026-01-25,Nuwara Eliya,7,24,4
2026,4,2026-01-19,2026-01-25,Galle,103,419,4
2026,4,2026-01-19,2026-01-25,Hambantota,88,261,4
2026,4,2026-01-19,2026-01-25,Matara,124,457,4
2026,4,2026-01-19,2026-01-25,Jaffna,56,151,4
2026,4,2026-01-19,2026-01-25,Kilinochchi,1,8,4
2026,4,2026-01-19,2026-01-25,Mannar,2,7,4
2026,4,2026-01-19,2026-01-25,Vavuniya,5,14,4
2026,4,2026-01-19,2026-01-25,Mullaitivu,2,7,4
2026,4,2026-01-19,2026-01-25,Batticaloa,43,113,4
2026,4,2026-01-19,2026-01-25,Ampara,20,60,4
2026,4,2026-01-19,2026-01-25,Trincomalee,17,77,4
2026,4,2026-01-19,2026-01-25,Kalmunai,38,102,4
2026,4,2026-01-19,2026-01-25,Kurunegala,30,143,4
2026,4,2026-01-19,2026-01-25,Puttalam,20,109,4
2026,4,2026-01-19,2026-01-25,Anuradhapura,18,52,4
2026,4,2026-01-19,2026-01-25,Polonnaruwa,16,37,4
2026,4,2026-01-19,2026-01-25,Badulla,21,86,4
2026,4,2026-01-19,2026-01-25,Monaragala,26,89,4
2026,4,2026-01-19,2026-01-25,Ratnapura,102,319,4
2026,4,2026-01-19,2026-01-25,Kegalle,55,161,4
2026,5,2026-01-26,2026-02-01,Colombo,422,2534,5
2026,5,2026-01-26,2026-02-01,Gampaha,202,1177,5
2026,5,2026-01-26,2026-02-01,Kalutara,80,417,5
2026,5,2026-01-26,2026-02-01,Kandy,53,338,5
2026,5,2026-01-26,2026-02-01,Matale,34,139,5
2026,5,2026-01-26,2026-02-01,Nuwara Eliya,6,31,5
2026,5,2026-01-26,2026-02-01,Galle,111,532,5
2026,5,2026-01-26,2026-02-01,Hambantota,49,303,5
2026,5,2026-01-26,2026-02-01,Matara,145,602,5
2026,5,2026-01-26,2026-02-01,Jaffna,34,184,5
2026,5,2026-01-26,2026-02-01,Kilinochchi,7,15,5
2026,5,2026-01-26,2026-02-01,Mannar,5,12,5
2026,5,2026-01-26,2026-02-01,Vavuniya,4,18,5
2026,5,2026-01-26,2026-02-01,Mullaitivu,3,10,5
2026,5,2026-01-26,2026-02-01,Batticaloa,59,171,5
2026,5,2026-01-26,2026-02-01,Ampara,7,67,5
2026,5,2026-01-26,2026-02-01,Trincomalee,13,90,5
2026,5,2026-01-26,2026-02-01,Kalmunai,36,138,5
2026,5,2026-01-26,2026-02-01,Kurunegala,46,188,5
2026,5,2026-01-26,2026-02-01,Puttalam,17,126,5
2026,5,2026-01-26,2026-02-01,Anuradhapura,15,67,5
2026,5,2026-01-26,2026-02-01,Polonnaruwa,10,47,5
2026,5,2026-01-26,2026-02-01,Badulla,19,105,5
2026,5,2026-01-26,2026-02-01,Monaragala,26,115,5
2026,5,2026-01-26,2026-02-01,Ratnapura,73,391,5
2026,5,2026-01-26,2026-02-01,Kegalle,35,197,5
2026,6,2026-02-02,2026-02-08,Colombo,402,2932,6
2026,6,2026-02-02,2026-02-08,Gampaha,276,1448,6
2026,6,2026-02-02,2026-02-08,Kalutara,60,477,6
2026,6,2026-02-02,2026-02-08,Kandy,51,389,6
2026,6,2026-02-02,2026-02-08,Matale,22,162,6
2026,6,2026-02-02,2026-02-08,Nuwara Eliya,3,35,6
2026,6,2026-02-02,2026-02-08,Galle,114,646,6
2026,6,2026-02-02,2026-02-08,Hambantota,44,348,6
2026,6,2026-02-02,2026-02-08,Matara,112,717,6
2026,6,2026-02-02,2026-02-08,Jaffna,38,220,6
2026,6,2026-02-02,2026-02-08,Kilinochchi,3,18,6
2026,6,2026-02-02,2026-02-08,Mannar,0,12,6
2026,6,2026-02-02,2026-02-08,Vavuniya,5,23,6
2026,6,2026-02-02,2026-02-08,Mullaitivu,0,10,6
2026,6,2026-02-02,2026-02-08,Batticaloa,71,244,6
2026,6,2026-02-02,2026-02-08,Ampara,20,87,6
2026,6,2026-02-02,2026-02-08,Trincomalee,12,102,6
2026,6,2026-02-02,2026-02-08,Kalmunai,32,170,6
2026,6,2026-02-02,2026-02-08,Kurunegala,40,227,6
2026,6,2026-02-02,2026-02-08,Puttalam,32,159,6
2026,6,2026-02-02,2026-02-08,Anuradhapura,7,74,6
2026,6,2026-02-02,2026-02-08,Polonnaruwa,12,59,6
2026,6,2026-02-02,2026-02-08,Badulla,12,117,6
2026,6,2026-02-02,2026-02-08,Monaragala,15,130,6
2026,6,2026-02-02,2026-02-08,Ratnapura,63,453,6
2026,6,2026-02-02,2026-02-08,Kegalle,25,220,6
2026,7,2026-02-09,2026-02-15,Colombo,429,3362,7
2026,7,2026-02-09,2026-02-15,Gampaha,236,1679,7
2026,7,2026-02-09,2026-02-15,Kalutara,75,554,7
2026,7,2026-02-09,2026-02-15,Kandy,59,448,7
2026,7,2026-02-09,2026-02-15,Matale,27,188,7
2026,7,2026-02-09,2026-02-15,Nuwara Eliya,3,38,7
2026,7,2026-02-09,2026-02-15,Galle,108,749,7
2026,7,2026-02-09,2026-02-15,Hambantota,42,390,7
2026,7,2026-02-09,2026-02-15,Matara,132,846,7
2026,7,2026-02-09,2026-02-15,Jaffna,33,252,7
2026,7,2026-02-09,2026-02-15,Kilinochchi,2,20,7
2026,7,2026-02-09,2026-02-15,Mannar,2,14,7
2026,7,2026-02-09,2026-02-15,Vavuniya,2,25,7
2026,7,2026-02-09,2026-02-15,Mullaitivu,0,10,7
2026,7,2026-02-09,2026-02-15,Batticaloa,54,298,7
2026,7,2026-02-09,2026-02-15,Ampara,13,100,7
2026,7,2026-02-09,2026-02-15,Trincomalee,21,123,7
2026,7,2026-02-09,2026-02-15,Kalmunai,23,193,7
2026,7,2026-02-09,2026-02-15,Kurunegala,36,267,7
2026,7,2026-02-09,2026-02-15,Puttalam,21,180,7
2026,7,2026-02-09,2026-02-15,Anuradhapura,24,97,7
2026,7,2026-02-09,2026-02-15,Polonnaruwa,9,68,7
2026,7,2026-02-09,2026-02-15,Badulla,27,144,7
2026,7,2026-02-09,2026-02-15,Monaragala,13,144,7
2026,7,2026-02-09,2026-02-15,Ratnapura,96,549,7
2026,7,2026-02-09,2026-02-15,Kegalle,46,266,7
2026,8,2026-02-16,2026-02-22,Colombo,415,3766,8
2026,8,2026-02-16,2026-02-22,Gampaha,234,1916,8
2026,8,2026-02-16,2026-02-22,Kalutara,82,632,8
2026,8,2026-02-16,2026-02-22,Kandy,51,497,8
2026,8,2026-02-16,2026-02-22,Matale,23,212,8
2026,8,2026-02-16,2026-02-22,Nuwara Eliya,4,42,8
2026,8,2026-02-16,2026-02-22,Galle,115,862,8
2026,8,2026-02-16,2026-02-22,Hambantota,50,441,8
2026,8,2026-02-16,2026-02-22,Matara,101,947,8
2026,8,2026-02-16,2026-02-22,Jaffna,21,273,8
2026,8,2026-02-16,2026-02-22,Kilinochchi,2,22,8
2026,8,2026-02-16,2026-02-22,Mannar,1,15,8
2026,8,2026-02-16,2026-02-22,Vavuniya,6,31,8
2026,8,2026-02-16,2026-02-22,Mullaitivu,3,13,8
2026,8,2026-02-16,2026-02-22,Batticaloa,50,348,8
2026,8,2026-02-16,2026-02-22,Ampara,17,117,8
2026,8,2026-02-16,2026-02-22,Trincomalee,14,137,8
2026,8,2026-02-16,2026-02-22,Kalmunai,25,218,8
2026,8,2026-02-16,2026-02-22,Kurunegala,41,307,8
2026,8,2026-02-16,2026-02-22,Puttalam,33,213,8
2026,8,2026-02-16,2026-02-22,Anuradhapura,10,107,8
2026,8,2026-02-16,2026-02-22,Polonnaruwa,9,77,8
2026,8,2026-02-16,2026-02-22,Badulla,19,169,8
2026,8,2026-02-16,2026-02-22,Monaragala,12,154,8
2026,8,2026-02-16,2026-02-22,Ratnapura,109,668,8
2026,8,2026-02-16,2026-02-22,Kegalle,42,308,8
2026,9,2026-02-23,2026-03-01,Colombo,359,4121,9
2026,9,2026-02-23,2026-03-01,Gampaha,225,2138,9
2026,9,2026-02-23,2026-03-01,Kalutara,59,690,9
2026,9,2026-02-23,2026-03-01,Kandy,49,545,9
2026,9,2026-02-23,2026-03-01,Matale,15,227,9
2026,9,2026-02-23,2026-03-01,Nuwara Eliya,4,46,9
2026,9,2026-02-23,2026-03-01,Galle,75,936,9
2026,9,2026-02-23,2026-03-01,Hambantota,37,495,9
2026,9,2026-02-23,2026-03-01,Matara,80,1017,9
2026,9,2026-02-23,2026-03-01,Jaffna,35,308,9
2026,9,2026-02-23,2026-03-01,Kilinochchi,0,22,9
2026,9,2026-02-23,2026-03-01,Mannar,2,17,9
2026,9,2026-02-23,2026-03-01,Vavuniya,3,34,9
2026,9,2026-02-23,2026-03-01,Mullaitivu,0,13,9
2026,9,2026-02-23,2026-03-01,Batticaloa,44,392,9
2026,9,2026-02-23,2026-03-01,Ampara,5,123,9
2026,9,2026-02-23,2026-03-01,Trincomalee,12,149,9
2026,9,2026-02-23,2026-03-01,Kalmunai,24,241,9
2026,9,2026-02-23,2026-03-01,Kurunegala,36,344,9
2026,9,2026-02-23,2026-03-01,Puttalam,32,245,9
2026,9,2026-02-23,2026-03-01,Anuradhapura,12,119,9
2026,9,2026-02-23,2026-03-01,Polonnaruwa,9,86,9
2026,9,2026-02-23,2026-03-01,Badulla,14,183,9
2026,9,2026-02-23,2026-03-01,Monaragala,18,172,9
2026,9,2026-02-23,2026-03-01,Ratnapura,89,751,9
2026,9,2026-02-23,2026-03-01,Kegalle,27,341,9
2026,10,2026-03-02,2026-03-08,Colombo,370,4487,10
2026,10,2026-03-02,2026-03-08,Gampaha,249,2388,10
2026,10,2026-03-02,2026-03-08,Kalutara,83,771,10
2026,10,2026-03-02,2026-03-08,Kandy,40,581,10
2026,10,2026-03-02,2026-03-08,Matale,20,247,10
2026,10,2026-03-02,2026-03-08,Nuwara Eliya,9,59,10
2026,10,2026-03-02,2026-03-08,Galle,114,1057,10
2026,10,2026-03-02,2026-03-08,Hambantota,38,536,10
2026,10,2026-03-02,2026-03-08,Matara,95,1108,10
2026,10,2026-03-02,2026-03-08,Jaffna,13,321,10
2026,10,2026-03-02,2026-03-08,Kilinochchi,2,24,10
2026,10,2026-03-02,2026-03-08,Mannar,2,19,10
2026,10,2026-03-02,2026-03-08,Vavuniya,3,37,10
2026,10,2026-03-02,2026-03-08,Mullaitivu,1,14,10
2026,10,2026-03-02,2026-03-08,Batticaloa,55,446,10
2026,10,2026-03-02,2026-03-08,Ampara,10,133,10
2026,10,2026-03-02,2026-03-08,Trincomalee,11,160,10
2026,10,2026-03-02,2026-03-08,Kalmunai,27,268,10
2026,10,2026-03-02,2026-03-08,Kurunegala,33,379,10
2026,10,2026-03-02,2026-03-08,Puttalam,37,282,10
2026,10,2026-03-02,2026-03-08,Anuradhapura,4,123,10
2026,10,2026-03-02,2026-03-08,Polonnaruwa,9,95,10
2026,10,2026-03-02,2026-03-08,Badulla,19,203,10
2026,10,2026-03-02,2026-03-08,Monaragala,21,192,10
2026,10,2026-03-02,2026-03-08,Ratnapura,69,814,10
2026,10,2026-03-02,2026-03-08,Kegalle,44,387,10
2026,11,2026-03-09,2026-03-15,Colombo,302,4778,11
2026,11,2026-03-09,2026-03-15,Gampaha,191,2578,11
2026,11,2026-03-09,2026-03-15,Kalutara,74,845,11
2026,11,2026-03-09,2026-03-15,Kandy,49,629,11
2026,11,2026-03-09,2026-03-15,Matale,20,267,11
2026,11,2026-03-09,2026-03-15,Nuwara Eliya,5,64,11
2026,11,2026-03-09,2026-03-15,Galle,81,1139,11
2026,11,2026-03-09,2026-03-15,Hambantota,41,578,11
2026,11,2026-03-09,2026-03-15,Matara,109,1216,11
2026,11,2026-03-09,2026-03-15,Jaffna,21,342,11
2026,11,2026-03-09,2026-03-15,Kilinochchi,2,26,11
2026,11,2026-03-09,2026-03-15,Mannar,0,19,11
2026,11,2026-03-09,2026-03-15,Vavuniya,0,37,11
2026,11,2026-03-09,2026-03-15,Mullaitivu,1,15,11
2026,11,2026-03-09,2026-03-15,Batticaloa,57,503,11
2026,11,2026-03-09,2026-03-15,Ampara,9,142,11
2026,11,2026-03-09,2026-03-15,Trincomalee,17,177,11
2026,11,2026-03-09,2026-03-15,Kalmunai,25,293,11
2026,11,2026-03-09,2026-03-15,Kurunegala,51,432,11
2026,11,2026-03-09,2026-03-15,Puttalam,29,310,11
2026,11,2026-03-09,2026-03-15,Anuradhapura,21,144,11
2026,11,2026-03-09,2026-03-15,Polonnaruwa,7,102,11
2026,11,2026-03-09,2026-03-15,Badulla,20,224,11
2026,11,2026-03-09,2026-03-15,Monaragala,22,214,11
2026,11,2026-03-09,2026-03-15,Ratnapura,78,899,11
2026,11,2026-03-09,2026-03-15,Kegalle,31,417,11
2026,12,2026-03-16,2026-03-22,Colombo,390,5159,12
2026,12,2026-03-16,2026-03-22,Gampaha,227,2804,12
2026,12,2026-03-16,2026-03-22,Kalutara,107,958,12
2026,12,2026-03-16,2026-03-22,Kandy,48,677,12
2026,12,2026-03-16,2026-03-22,Matale,16,283,12
2026,12,2026-03-16,2026-03-22,Nuwara Eliya,2,66,12
2026,12,2026-03-16,2026-03-22,Galle,105,1244,12
2026,12,2026-03-16,2026-03-22,Hambantota,27,605,12
2026,12,2026-03-16,2026-03-22,Matara,97,1313,12
2026,12,2026-03-16,2026-03-22,Jaffna,23,365,12
2026,12,2026-03-16,2026-03-22,Kilinochchi,0,26,12
2026,12,2026-03-16,2026-03-22,Mannar,0,19,12
2026,12,2026-03-16,2026-03-22,Vavuniya,1,38,12
2026,12,2026-03-16,2026-03-22,Mullaitivu,0,15,12
2026,12,2026-03-16,2026-03-22,Batticaloa,50,551,12
2026,12,2026-03-16,2026-03-22,Ampara,4,146,12
2026,12,2026-03-16,2026-03-22,Trincomalee,13,190,12
2026,12,2026-03-16,2026-03-22,Kalmunai,26,319,12
2026,12,2026-03-16,2026-03-22,Kurunegala,25,458,12
2026,12,2026-03-16,2026-03-22,Puttalam,29,340,12
2026,12,2026-03-16,2026-03-22,Anuradhapura,12,156,12
2026,12,2026-03-16,2026-03-22,Polonnaruwa,16,118,12
2026,12,2026-03-16,2026-03-22,Badulla,10,234,12
2026,12,2026-03-16,2026-03-22,Monaragala,7,221,12
2026,12,2026-03-16,2026-03-22,Ratnapura,73,973,12
2026,12,2026-03-16,2026-03-22,Kegalle,40,457,12
2026,13,2026-03-23,2026-03-29,Colombo,351,5511,13
2026,13,2026-03-23,2026-03-29,Gampaha,199,2999,13
2026,13,2026-03-23,2026-03-29,Kalutara,123,1079,13
2026,13,2026-03-23,2026-03-29,Kandy,63,738,13
2026,13,2026-03-23,2026-03-29,Matale,19,303,13
2026,13,2026-03-23,2026-03-29,Nuwara Eliya,4,70,13
2026,13,2026-03-23,2026-03-29,Galle,108,1353,13
2026,13,2026-03-23,2026-03-29,Hambantota,37,645,13
2026,13,2026-03-23,2026-03-29,Matara,107,1418,13
2026,13,2026-03-23,2026-03-29,Jaffna,37,402,13
2026,13,2026-03-23,2026-03-29,Kilinochchi,4,30,13
2026,13,2026-03-23,2026-03-29,Mannar,0,19,13
2026,13,2026-03-23,2026-03-29,Vavuniya,3,41,13
2026,13,2026-03-23,2026-03-29,Mullaitivu,1,16,13
2026,13,2026-03-23,2026-03-29,Batticaloa,51,602,13
2026,13,2026-03-23,2026-03-29,Ampara,7,154,13
2026,13,2026-03-23,2026-03-29,Trincomalee,32,222,13
2026,13,2026-03-23,2026-03-29,Kalmunai,32,349,13
2026,13,2026-03-23,2026-03-29,Kurunegala,33,491,13
2026,13,2026-03-23,2026-03-29,Puttalam,20,360,13
2026,13,2026-03-23,2026-03-29,Anuradhapura,10,166,13
2026,13,2026-03-23,2026-03-29,Polonnaruwa,12,130,13
2026,13,2026-03-23,2026-03-29,Badulla,20,255,13
2026,13,2026-03-23,2026-03-29,Monaragala,18,245,13
2026,13,2026-03-23,2026-03-29,Ratnapura,104,1074,13
2026,13,2026-03-23,2026-03-29,Kegalle,35,491,13
2026,14,2026-03-30,2026-04-05,Colombo,312,5821,14
2026,14,2026-03-30,2026-04-05,Gampaha,188,3183,14
2026,14,2026-03-30,2026-04-05,Kalutara,122,1201,14
2026,14,2026-03-30,2026-04-05,Kandy,46,783,14
2026,14,2026-03-30,2026-04-05,Matale,15,318,14
2026,14,2026-03-30,2026-04-05,Nuwara Eliya,1,73,14
2026,14,2026-03-30,2026-04-05,Galle,81,1437,14
2026,14,2026-03-30,2026-04-05,Hambantota,29,674,14
2026,14,2026-03-30,2026-04-05,Matara,108,1526,14
2026,14,2026-03-30,2026-04-05,Jaffna,17,419,14
2026,14,2026-03-30,2026-04-05,Kilinochchi,1,31,14
2026,14,2026-03-30,2026-04-05,Mannar,5,24,14
2026,14,2026-03-30,2026-04-05,Vavuniya,1,42,14
2026,14,2026-03-30,2026-04-05,Mullaitivu,0,16,14
2026,14,2026-03-30,2026-04-05,Batticaloa,42,644,14
2026,14,2026-03-30,2026-04-05,Ampara,10,164,14
2026,14,2026-03-30,2026-04-05,Trincomalee,19,241,14
2026,14,2026-03-30,2026-04-05,Kalmunai,36,385,14
2026,14,2026-03-30,2026-04-05,Kurunegala,43,537,14
2026,14,2026-03-30,2026-04-05,Puttalam,22,381,14
2026,14,2026-03-30,2026-04-05,Anuradhapura,12,178,14
2026,14,2026-03-30,2026-04-05,Polonnaruwa,14,144,14
2026,14,2026-03-30,2026-04-05,Badulla,18,273,14
2026,14,2026-03-30,2026-04-05,Monaragala,33,276,14
2026,14,2026-03-30,2026-04-05,Ratnapura,107,1182,14
2026,14,2026-03-30,2026-04-05,Kegalle,40,530,14
2026,15,2026-04-06,2026-04-12,Colombo,326,6148,15
2026,15,2026-04-06,2026-04-12,Gampaha,225,3407,15
2026,15,2026-04-06,2026-04-12,Kalutara,124,1323,15
2026,15,2026-04-06,2026-04-12,Kandy,36,817,15
2026,15,2026-04-06,2026-04-12,Matale,9,329,15
2026,15,2026-04-06,2026-04-12,Nuwara Eliya,2,75,15
2026,15,2026-04-06,2026-04-12,Galle,78,1513,15
2026,15,2026-04-06,2026-04-12,Hambantota,34,708,15
2026,15,2026-04-06,2026-04-12,Matara,77,1603,15
2026,15,2026-04-06,2026-04-12,Jaffna,10,426,15
2026,15,2026-04-06,2026-04-12,Kilinochchi,1,32,15
2026,15,2026-04-06,2026-04-12,Mannar,3,27,15
2026,15,2026-04-06,2026-04-12,Vavuniya,0,42,15
2026,15,2026-04-06,2026-04-12,Mullaitivu,1,17,15
2026,15,2026-04-06,2026-04-12,Batticaloa,35,679,15
2026,15,2026-04-06,2026-04-12,Ampara,8,173,15
2026,15,2026-04-06,2026-04-12,Trincomalee,20,261,15
2026,15,2026-04-06,2026-04-12,Kalmunai,26,410,15
2026,15,2026-04-06,2026-04-12,Kurunegala,27,565,15
2026,15,2026-04-06,2026-04-12,Puttalam,24,404,15
2026,15,2026-04-06,2026-04-12,Anuradhapura,7,185,15
2026,15,2026-04-06,2026-04-12,Polonnaruwa,12,156,15
2026,15,2026-04-06,2026-04-12,Badulla,15,288,15
2026,15,2026-04-06,2026-04-12,Monaragala,26,306,15
2026,15,2026-04-06,2026-04-12,Ratnapura,87,1269,15
2026,15,2026-04-06,2026-04-12,Kegalle,37,567,15
2026,16,2026-04-13,2026-04-19,Colombo,285,6427,16
2026,16,2026-04-13,2026-04-19,Gampaha,205,3614,16
2026,16,2026-04-13,2026-04-19,Kalutara,98,1420,16
2026,16,2026-04-13,2026-04-19,Kandy,69,884,16
2026,16,2026-04-13,2026-04-19,Matale,7,336,16
2026,16,2026-04-13,2026-04-19,Nuwara Eliya,4,80,16
2026,16,2026-04-13,2026-04-19,Galle,72,1586,16
2026,16,2026-04-13,2026-04-19,Hambantota,32,743,16
2026,16,2026-04-13,2026-04-19,Matara,67,1667,16
2026,16,2026-04-13,2026-04-19,Jaffna,26,453,16
2026,16,2026-04-13,2026-04-19,Kilinochchi,0,32,16
2026,16,2026-04-13,2026-04-19,Mannar,1,28,16
2026,16,2026-04-13,2026-04-19,Vavuniya,1,43,16
2026,16,2026-04-13,2026-04-19,Mullaitivu,0,17,16
2026,16,2026-04-13,2026-04-19,Batticaloa,27,707,16
2026,16,2026-04-13,2026-04-19,Ampara,7,180,16
2026,16,2026-04-13,2026-04-19,Trincomalee,24,285,16
2026,16,2026-04-13,2026-04-19,Kalmunai,36,445,16
2026,16,2026-04-13,2026-04-19,Kurunegala,40,606,16
2026,16,2026-04-13,2026-04-19,Puttalam,20,423,16
2026,16,2026-04-13,2026-04-19,Anuradhapura,9,194,16
2026,16,2026-04-13,2026-04-19,Polonnaruwa,11,167,16
2026,16,2026-04-13,2026-04-19,Badulla,15,305,16
2026,16,2026-04-13,2026-04-19,Monaragala,11,317,16
2026,16,2026-04-13,2026-04-19,Ratnapura,114,1380,16
2026,16,2026-04-13,2026-04-19,Kegalle,33,603,16
2026,17,2026-04-20,2026-04-26,Colombo,370,6801,17
2026,17,2026-04-20,2026-04-26,Gampaha,274,3885,17
2026,17,2026-04-20,2026-04-26,Kalutara,125,1544,17
2026,17,2026-04-20,2026-04-26,Kandy,47,930,17
2026,17,2026-04-20,2026-04-26,Matale,11,346,17
2026,17,2026-04-20,2026-04-26,Nuwara Eliya,3,83,17
2026,17,2026-04-20,2026-04-26,Galle,91,1677,17
2026,17,2026-04-20,2026-04-26,Hambantota,24,767,17
2026,17,2026-04-20,2026-04-26,Matara,85,1751,17
2026,17,2026-04-20,2026-04-26,Jaffna,30,477,17
2026,17,2026-04-20,2026-04-26,Kilinochchi,2,34,17
2026,17,2026-04-20,2026-04-26,Mannar,4,32,17
2026,17,2026-04-20,2026-04-26,Vavuniya,1,44,17
2026,17,2026-04-20,2026-04-26,Mullaitivu,2,19,17
2026,17,2026-04-20,2026-04-26,Batticaloa,39,745,17
2026,17,2026-04-20,2026-04-26,Ampara,7,187,17
2026,17,2026-04-20,2026-04-26,Trincomalee,23,308,17
2026,17,2026-04-20,2026-04-26,Kalmunai,40,481,17
2026,17,2026-04-20,2026-04-26,Kurunegala,28,637,17
2026,17,2026-04-20,2026-04-26,Puttalam,20,442,17
2026,17,2026-04-20,2026-04-26,Anuradhapura,4,198,17
2026,17,2026-04-20,2026-04-26,Polonnaruwa,10,177,17
2026,17,2026-04-20,2026-04-26,Badulla,14,320,17
2026,17,2026-04-20,2026-04-26,Monaragala,15,334,17
2026,17,2026-04-20,2026-04-26,Ratnapura,142,1518,17
2026,17,2026-04-20,2026-04-26,Kegalle,42,644,17
2026,18,2026-04-27,2026-05-03,Colombo,374,7178,18
2026,18,2026-04-27,2026-05-03,Gampaha,281,4163,18
2026,18,2026-04-27,2026-05-03,Kalutara,126,1670,18
2026,18,2026-04-27,2026-05-03,Kandy,81,1012,18
2026,18,2026-04-27,2026-05-03,Matale,6,352,18
2026,18,2026-04-27,2026-05-03,Nuwara Eliya,9,91,18
2026,18,2026-04-27,2026-05-03,Galle,74,1751,18
2026,18,2026-04-27,2026-05-03,Hambantota,16,784,18
2026,18,2026-04-27,2026-05-03,Matara,92,1842,18
2026,18,2026-04-27,2026-05-03,Jaffna,20,495,18
2026,18,2026-04-27,2026-05-03,Kilinochchi,1,35,18
2026,18,2026-04-27,2026-05-03,Mannar,2,34,18
2026,18,2026-04-27,2026-05-03,Vavuniya,2,46,18
2026,18,2026-04-27,2026-05-03,Mullaitivu,2,21,18
2026,18,2026-04-27,2026-05-03,Batticaloa,28,773,18
2026,18,2026-04-27,2026-05-03,Ampara,8,195,18
2026,18,2026-04-27,2026-05-03,Trincomalee,12,320,18
2026,18,2026-04-27,2026-05-03,Kalmunai,34,498,18
2026,18,2026-04-27,2026-05-03,Kurunegala,47,684,18
2026,18,2026-04-27,2026-05-03,Puttalam,25,468,18
2026,18,2026-04-27,2026-05-03,Anuradhapura,11,208,18
2026,18,2026-04-27,2026-05-03,Polonnaruwa,14,191,18
2026,18,2026-04-27,2026-05-03,Badulla,11,331,18
2026,18,2026-04-27,2026-05-03,Monaragala,25,359,18
2026,18,2026-04-27,2026-05-03,Ratnapura,133,1650,18
2026,18,2026-04-27,2026-05-03,Kegalle,52,695,18
2026,19,2026-05-04,2026-05-10,Colombo,379,7522,19
2026,19,2026-05-04,2026-05-10,Gampaha,285,4467,19
2026,19,2026-05-04,2026-05-10,Kalutara,129,1811,19
2026,19,2026-05-04,2026-05-10,Kandy,91,1096,19
2026,19,2026-05-04,2026-05-10,Matale,9,361,19
2026,19,2026-05-04,2026-05-10,Nuwara Eliya,5,98,19
2026,19,2026-05-04,2026-05-10,Galle,69,1818,19
2026,19,2026-05-04,2026-05-10,Hambantota,46,835,19
2026,19,2026-05-04,2026-05-10,Matara,91,1928,19
2026,19,2026-05-04,2026-05-10,Jaffna,19,513,19
2026,19,2026-05-04,2026-05-10,Kilinochchi,1,36,19
2026,19,2026-05-04,2026-05-10,Mannar,0,34,19
2026,19,2026-05-04,2026-05-10,Vavuniya,4,50,19
2026,19,2026-05-04,2026-05-10,Mullaitivu,0,21,19
2026,19,2026-05-04,2026-05-10,Batticaloa,47,819,19
2026,19,2026-05-04,2026-05-10,Ampara,4,199,19
2026,19,2026-05-04,2026-05-10,Trincomalee,35,356,19
2026,19,2026-05-04,2026-05-10,Kalmunai,36,534,19
2026,19,2026-05-04,2026-05-10,Kurunegala,56,742,19
2026,19,2026-05-04,2026-05-10,Puttalam,31,498,19
2026,19,2026-05-04,2026-05-10,Anuradhapura,15,223,19
2026,19,2026-05-04,2026-05-10,Polonnaruwa,12,203,19
2026,19,2026-05-04,2026-05-10,Badulla,14,344,19
2026,19,2026-05-04,2026-05-10,Monaragala,27,386,19
2026,19,2026-05-04,2026-05-10,Ratnapura,159,1812,19
2026,19,2026-05-04,2026-05-10,Kegalle,59,753,19
2026,20,2026-05-11,2026-05-17,Colombo,353,7868,20
2026,20,2026-05-11,2026-05-17,Gampaha,342,4813,20
2026,20,2026-05-11,2026-05-17,Kalutara,130,1941,20
2026,20,2026-05-11,2026-05-17,Kandy,133,1228,20
2026,20,2026-05-11,2026-05-17,Matale,18,379,20
2026,20,2026-05-11,2026-05-17,Nuwara Eliya,9,107,20
2026,20,2026-05-11,2026-05-17,Galle,107,1926,20
2026,20,2026-05-11,2026-05-17,Hambantota,43,879,20
2026,20,2026-05-11,2026-05-17,Matara,94,2022,20
2026,20,2026-05-11,2026-05-17,Jaffna,21,534,20
2026,20,2026-05-11,2026-05-17,Kilinochchi,0,36,20
2026,20,2026-05-11,2026-05-17,Mannar,4,38,20
2026,20,2026-05-11,2026-05-17,Vavuniya,7,57,20
2026,20,2026-05-11,2026-05-17,Mullaitivu,0,21,20
2026,20,2026-05-11,2026-05-17,Batticaloa,45,863,20
2026,20,2026-05-11,2026-05-17,Ampara,12,211,20
2026,20,2026-05-11,2026-05-17,Trincomalee,17,372,20
2026,20,2026-05-11,2026-05-17,Kalmunai,25,559,20
2026,20,2026-05-11,2026-05-17,Kurunegala,44,786,20
2026,20,2026-05-11,2026-05-17,Puttalam,24,522,20
2026,20,2026-05-11,2026-05-17,Anuradhapura,10,233,20
2026,20,2026-05-11,2026-05-17,Polonnaruwa,17,220,20
2026,20,2026-05-11,2026-05-17,Badulla,17,360,20
2026,20,2026-05-11,2026-05-17,Monaragala,15,404,20
2026,20,2026-05-11,2026-05-17,Ratnapura,201,2013,20
2026,20,2026-05-11,2026-05-17,Kegalle,66,819,20
2026,21,2026-05-18,2026-05-24,Colombo,512,8366,21
2026,21,2026-05-18,2026-05-24,Gampaha,419,5228,21
2026,21,2026-05-18,2026-05-24,Kalutara,186,2146,21
2026,21,2026-05-18,2026-05-24,Kandy,188,1410,21
2026,21,2026-05-18,2026-05-24,Matale,11,391,21
2026,21,2026-05-18,2026-05-24,Nuwara Eliya,16,127,21
2026,21,2026-05-18,2026-05-24,Galle,133,2057,21
2026,21,2026-05-18,2026-05-24,Hambantota,48,929,21
2026,21,2026-05-18,2026-05-24,Matara,165,2186,21
2026,21,2026-05-18,2026-05-24,Jaffna,16,550,21
2026,21,2026-05-18,2026-05-24,Kilinochchi,5,41,21
2026,21,2026-05-18,2026-05-24,Mannar,2,40,21
2026,21,2026-05-18,2026-05-24,Vavuniya,1,58,21
2026,21,2026-05-18,2026-05-24,Mullaitivu,2,23,21
2026,21,2026-05-18,2026-05-24,Batticaloa,48,911,21
2026,21,2026-05-18,2026-05-24,Ampara,4,215,21
2026,21,2026-05-18,2026-05-24,Trincomalee,19,389,21
2026,21,2026-05-18,2026-05-24,Kalmunai,33,592,21
2026,21,2026-05-18,2026-05-24,Kurunegala,32,819,21
2026,21,2026-05-18,2026-05-24,Puttalam,27,549,21
2026,21,2026-05-18,2026-05-24,Anuradhapura,10,243,21
2026,21,2026-05-18,2026-05-24,Polonnaruwa,18,237,21
2026,21,2026-05-18,2026-05-24,Badulla,25,384,21
2026,21,2026-05-18,2026-05-24,Monaragala,11,415,21
2026,21,2026-05-18,2026-05-24,Ratnapura,232,2240,21
2026,21,2026-05-18,2026-05-24,Kegalle,64,883,21
2026,22,2026-05-25,2026-05-31,Colombo,550,8903,22
2026,22,2026-05-25,2026-05-31,Gampaha,531,5755,22
2026,22,2026-05-25,2026-05-31,Kalutara,265,2419,22
2026,22,2026-05-25,2026-05-31,Kandy,173,1581,22
2026,22,2026-05-25,2026-05-31,Matale,22,413,22
2026,22,2026-05-25,2026-05-31,Nuwara Eliya,7,135,22
2026,22,2026-05-25,2026-05-31,Galle,142,2198,22
2026,22,2026-05-25,2026-05-31,Hambantota,69,998,22
2026,22,2026-05-25,2026-05-31,Matara,194,2379,22
2026,22,2026-05-25,2026-05-31,Jaffna,14,564,22
2026,22,2026-05-25,2026-05-31,Kilinochchi,2,43,22
2026,22,2026-05-25,2026-05-31,Mannar,1,41,22
2026,22,2026-05-25,2026-05-31,Vavuniya,9,67,22
2026,22,2026-05-25,2026-05-31,Mullaitivu,3,26,22
2026,22,2026-05-25,2026-05-31,Batticaloa,46,957,22
2026,22,2026-05-25,2026-05-31,Ampara,7,222,22
2026,22,2026-05-25,2026-05-31,Trincomalee,23,411,22
2026,22,2026-05-25,2026-05-31,Kalmunai,13,605,22
2026,22,2026-05-25,2026-05-31,Kurunegala,68,888,22
2026,22,2026-05-25,2026-05-31,Puttalam,15,564,22
2026,22,2026-05-25,2026-05-31,Anuradhapura,13,256,22
2026,22,2026-05-25,2026-05-31,Polonnaruwa,12,249,22
2026,22,2026-05-25,2026-05-31,Badulla,20,406,22
2026,22,2026-05-25,2026-05-31,Monaragala,18,433,22
2026,22,2026-05-25,2026-05-31,Ratnapura,160,2397,22
2026,22,2026-05-25,2026-05-31,Kegalle,68,950,22
2026,23,2026-06-01,2026-06-07,Colombo,731,9635,23
2026,23,2026-06-01,2026-06-07,Gampaha,652,6407,23
2026,23,2026-06-01,2026-06-07,Kalutara,321,2741,23
2026,23,2026-06-01,2026-06-07,Kandy,291,1869,23
2026,23,2026-06-01,2026-06-07,Matale,46,459,23
2026,23,2026-06-01,2026-06-07,Nuwara Eliya,18,154,23
2026,23,2026-06-01,2026-06-07,Galle,127,2322,23
2026,23,2026-06-01,2026-06-07,Hambantota,95,1097,23
2026,23,2026-06-01,2026-06-07,Matara,221,2596,23
2026,23,2026-06-01,2026-06-07,Jaffna,20,582,23
2026,23,2026-06-01,2026-06-07,Kilinochchi,4,47,23
2026,23,2026-06-01,2026-06-07,Mannar,2,43,23
2026,23,2026-06-01,2026-06-07,Vavuniya,3,70,23
2026,23,2026-06-01,2026-06-07,Mullaitivu,4,30,23
2026,23,2026-06-01,2026-06-07,Batticaloa,51,1008,23
2026,23,2026-06-01,2026-06-07,Ampara,21,243,23
2026,23,2026-06-01,2026-06-07,Trincomalee,33,444,23
2026,23,2026-06-01,2026-06-07,Kalmunai,17,622,23
2026,23,2026-06-01,2026-06-07,Kurunegala,72,959,23
2026,23,2026-06-01,2026-06-07,Puttalam,58,624,23
2026,23,2026-06-01,2026-06-07,Anuradhapura,19,273,23
2026,23,2026-06-01,2026-06-07,Polonnaruwa,27,276,23
2026,23,2026-06-01,2026-06-07,Badulla,44,453,23
2026,23,2026-06-01,2026-06-07,Monaragala,34,462,23
2026,23,2026-06-01,2026-06-07,Ratnapura,260,2659,23
2026,23,2026-06-01,2026-06-07,Kegalle,94,1043,23
2026,24,2026-06-08,2026-06-14,Colombo,1208,10847,24
2026,24,2026-06-08,2026-06-14,Gampaha,1039,7442,24
2026,24,2026-06-08,2026-06-14,Kalutara,424,3164,24
2026,24,2026-06-08,2026-06-14,Kandy,376,2239,24
2026,24,2026-06-08,2026-06-14,Matale,29,485,24
2026,24,2026-06-08,2026-06-14,Nuwara Eliya,23,178,24
2026,24,2026-06-08,2026-06-14,Galle,275,2597,24
2026,24,2026-06-08,2026-06-14,Hambantota,102,1200,24
2026,24,2026-06-08,2026-06-14,Matara,468,3061,24
2026,24,2026-06-08,2026-06-14,Jaffna,24,605,24
2026,24,2026-06-08,2026-06-14,Kilinochchi,0,47,24
2026,24,2026-06-08,2026-06-14,Mannar,4,47,24
2026,24,2026-06-08,2026-06-14,Vavuniya,5,75,24
2026,24,2026-06-08,2026-06-14,Mullaitivu,3,33,24
2026,24,2026-06-08,2026-06-14,Batticaloa,49,1057,24
2026,24,2026-06-08,2026-06-14,Ampara,29,272,24
2026,24,2026-06-08,2026-06-14,Trincomalee,26,470,24
2026,24,2026-06-08,2026-06-14,Kalmunai,19,641,24
2026,24,2026-06-08,2026-06-14,Kurunegala,135,1095,24
2026,24,2026-06-08,2026-06-14,Puttalam,83,708,24
2026,24,2026-06-08,2026-06-14,Anuradhapura,24,298,24
2026,24,2026-06-08,2026-06-14,Polonnaruwa,39,315,24
2026,24,2026-06-08,2026-06-14,Badulla,56,505,24
2026,24,2026-06-08,2026-06-14,Monaragala,31,493,24
2026,24,2026-06-08,2026-06-14,Ratnapura,247,2902,24
2026,24,2026-06-08,2026-06-14,Kegalle,106,1145,24
2026,25,2026-06-15,2026-06-21,Colombo,1296,12129,25
2026,25,2026-06-15,2026-06-21,Gampaha,1257,8697,25
2026,25,2026-06-15,2026-06-21,Kalutara,452,3622,25
2026,25,2026-06-15,2026-06-21,Kandy,440,2678,25
2026,25,2026-06-15,2026-06-21,Matale,48,532,25
2026,25,2026-06-15,2026-06-21,Nuwara Eliya,50,227,25
2026,25,2026-06-15,2026-06-21,Galle,250,2849,25
2026,25,2026-06-15,2026-06-21,Hambantota,184,1386,25
2026,25,2026-06-15,2026-06-21,Matara,379,3436,25
2026,25,2026-06-15,2026-06-21,Jaffna,23,628,25
2026,25,2026-06-15,2026-06-21,Kilinochchi,3,50,25
2026,25,2026-06-15,2026-06-21,Mannar,0,47,25
2026,25,2026-06-15,2026-06-21,Vavuniya,5,80,25
2026,25,2026-06-15,2026-06-21,Mullaitivu,0,33,25
2026,25,2026-06-15,2026-06-21,Batticaloa,46,1102,25
2026,25,2026-06-15,2026-06-21,Ampara,24,300,25
2026,25,2026-06-15,2026-06-21,Trincomalee,22,492,25
2026,25,2026-06-15,2026-06-21,Kalmunai,31,671,25
2026,25,2026-06-15,2026-06-21,Kurunegala,95,1190,25
2026,25,2026-06-15,2026-06-21,Puttalam,133,842,25
2026,25,2026-06-15,2026-06-21,Anuradhapura,51,349,25
2026,25,2026-06-15,2026-06-21,Polonnaruwa,43,358,25
2026,25,2026-06-15,2026-06-21,Badulla,56,551,25
2026,25,2026-06-15,2026-06-21,Monaragala,89,592,25
2026,25,2026-06-15,2026-06-21,Ratnapura,159,3059,25
2026,25,2026-06-15,2026-06-21,Kegalle,131,1277,25
2026,26,2026-06-22,2026-06-28,Colombo,1174,12993,26
2026,26,2026-06-22,2026-06-28,Gampaha,1750,10260,26
2026,26,2026-06-22,2026-06-28,Kalutara,463,4025,26
2026,26,2026-06-22,2026-06-28,Kandy,486,3105,26
2026,26,2026-06-22,2026-06-28,Matale,42,551,26
2026,26,2026-06-22,2026-06-28,Nuwara Eliya,50,273,26
2026,26,2026-06-22,2026-06-28,Galle,247,3042,26
2026,26,2026-06-22,2026-06-28,Hambantota,144,1512,26
2026,26,2026-06-22,2026-06-28,Matara,364,3736,26
2026,26,2026-06-22,2026-06-28,Jaffna,26,625,26
2026,26,2026-06-22,2026-06-28,Kilinochchi,5,52,26
2026,26,2026-06-22,2026-06-28,Mannar,7,50,26
2026,26,2026-06-22,2026-06-28,Vavuniya,4,84,26
2026,26,2026-06-22,2026-06-28,Mullaitivu,1,34,26
2026,26,2026-06-22,2026-06-28,Batticaloa,46,1141,26
2026,26,2026-06-22,2026-06-28,Ampara,55,347,26
2026,26,2026-06-22,2026-06-28,Trincomalee,24,503,26
2026,26,2026-06-22,2026-06-28,Kalmunai,43,696,26
2026,26,2026-06-22,2026-06-28,Kurunegala,184,1346,26
2026,26,2026-06-22,2026-06-28,Puttalam,171,978,26
2026,26,2026-06-22,2026-06-28,Anuradhapura,95,436,26
2026,26,2026-06-22,2026-06-28,Polonnaruwa,58,412,26
2026,26,2026-06-22,2026-06-28,Badulla,97,640,26
2026,26,2026-06-22,2026-06-28,Monaragala,88,660,26
2026,26,2026-06-22,2026-06-28,Ratnapura,193,3197,26
2026,26,2026-06-22,2026-06-28,Kegalle,192,1454,26
2026,27,2026-06-29,2026-07-05,Colombo,1676,14995,27
2026,27,2026-06-29,2026-07-05,Gampaha,1867,12280,27
2026,27,2026-06-29,2026-07-05,Kalutara,688,4772,27
2026,27,2026-06-29,2026-07-05,Kandy,639,3795,27
2026,27,2026-06-29,2026-07-05,Matale,79,656,27
2026,27,2026-06-29,2026-07-05,Nuwara Eliya,88,365,27
2026,27,2026-06-29,2026-07-05,Galle,407,3501,27
2026,27,2026-06-29,2026-07-05,Hambantota,220,1754,27
2026,27,2026-06-29,2026-07-05,Matara,627,4422,27
2026,27,2026-06-29,2026-07-05,Jaffna,55,707,27
2026,27,2026-06-29,2026-07-05,Kilinochchi,2,57,27
2026,27,2026-06-29,2026-07-05,Mannar,10,64,27
2026,27,2026-06-29,2026-07-05,Vavuniya,10,94,27
2026,27,2026-06-29,2026-07-05,Mullaitivu,0,34,27
2026,27,2026-06-29,2026-07-05,Batticaloa,70,1216,27
2026,27,2026-06-29,2026-07-05,Ampara,55,415,27
2026,27,2026-06-29,2026-07-05,Trincomalee,47,563,27
2026,27,2026-06-29,2026-07-05,Kalmunai,71,783,27
2026,27,2026-06-29,2026-07-05,Kurunegala,258,1633,27
2026,27,2026-06-29,2026-07-05,Puttalam,155,1148,27
2026,27,2026-06-29,2026-07-05,Anuradhapura,87,531,27
2026,27,2026-06-29,2026-07-05,Polonnaruwa,66,482,27
2026,27,2026-06-29,2026-07-05,Badulla,128,772,27
2026,27,2026-06-29,2026-07-05,Monaragala,96,776,27
2026,27,2026-06-29,2026-07-05,Ratnapura,329,3584,27
2026,27,2026-06-29,2026-07-05,Kegalle,186,1658,27
2026,28,2026-07-06,2026-07-12,Colombo,1628,16606,28
2026,28,2026-07-06,2026-07-12,Gampaha,1843,14110,28
2026,28,2026-07-06,2026-07-12,Kalutara,617,5399,28
2026,28,2026-07-06,2026-07-12,Kandy,665,4454,28
2026,28,2026-07-06,2026-07-12,Matale,65,722,28
2026,28,2026-07-06,2026-07-12,Nuwara Eliya,61,429,28
2026,28,2026-07-06,2026-07-12,Galle,438,3947,28
2026,28,2026-07-06,2026-07-12,Hambantota,180,1934,28
2026,28,2026-07-06,2026-07-12,Matara,462,4884,28
2026,28,2026-07-06,2026-07-12,Jaffna,49,756,28
2026,28,2026-07-06,2026-07-12,Kilinochchi,11,68,28
2026,28,2026-07-06,2026-07-12,Mannar,7,71,28
2026,28,2026-07-06,2026-07-12,Vavuniya,23,117,28
2026,28,2026-07-06,2026-07-12,Mullaitivu,5,39,28
2026,28,2026-07-06,2026-07-12,Batticaloa,63,1279,28
2026,28,2026-07-06,2026-07-12,Ampara,56,471,28
2026,28,2026-07-06,2026-07-12,Trincomalee,22,585,28
2026,28,2026-07-06,2026-07-12,Kalmunai,45,828,28
2026,28,2026-07-06,2026-07-12,Kurunegala,212,1833,28
2026,28,2026-07-06,2026-07-12,Puttalam,192,1340,28
2026,28,2026-07-06,2026-07-12,Anuradhapura,70,601,28
2026,28,2026-07-06,2026-07-12,Polonnaruwa,85,567,28
2026,28,2026-07-06,2026-07-12,Badulla,172,948,28
2026,28,2026-07-06,2026-07-12,Monaragala,97,869,28
2026,28,2026-07-06,2026-07-12,Ratnapura,380,3962,28
2026,28,2026-07-06,2026-07-12,Kegalle,185,1844,28
2026,29,2026-07-13,2026-07-19,Colombo,1535,18172,29
2026,29,2026-07-13,2026-07-19,Gampaha,1814,15910,29
2026,29,2026-07-13,2026-07-19,Kalutara,524,5920,29
2026,29,2026-07-13,2026-07-19,Kandy,660,5108,29
2026,29,2026-07-13,2026-07-19,Matale,77,800,29
2026,29,2026-07-13,2026-07-19,Nuwara Eliya,95,521,29
2026,29,2026-07-13,2026-07-19,Galle,322,4270,29
2026,29,2026-07-13,2026-07-19,Hambantota,176,2117,29
2026,29,2026-07-13,2026-07-19,Matara,454,5327,29
2026,29,2026-07-13,2026-07-19,Jaffna,55,812,29
2026,29,2026-07-13,2026-07-19,Kilinochchi,6,74,29
2026,29,2026-07-13,2026-07-19,Mannar,14,85,29
2026,29,2026-07-13,2026-07-19,Vavuniya,11,128,29
2026,29,2026-07-13,2026-07-19,Mullaitivu,7,46,29
2026,29,2026-07-13,2026-07-19,Batticaloa,47,1324,29
2026,29,2026-07-13,2026-07-19,Ampara,70,541,29
2026,29,2026-07-13,2026-07-19,Trincomalee,28,613,29
2026,29,2026-07-13,2026-07-19,Kalmunai,51,879,29
2026,29,2026-07-13,2026-07-19,Kurunegala,256,2090,29
2026,29,2026-07-13,2026-07-19,Puttalam,231,1572,29
2026,29,2026-07-13,2026-07-19,Anuradhapura,128,728,29
2026,29,2026-07-13,2026-07-19,Polonnaruwa,48,615,29
2026,29,2026-07-13,2026-07-19,Badulla,114,1062,29
2026,29,2026-07-13,2026-07-19,Monaragala,93,962,29
2026,29,2026-07-13,2026-07-19,Ratnapura,344,4291,29
2026,29,2026-07-13,2026-07-19,Kegalle,225,2067,29
2026,30,2026-07-20,2026-07-26,Colombo,1452,19621,30
2026,30,2026-07-20,2026-07-26,Gampaha,1503,17394,30
2026,30,2026-07-20,2026-07-26,Kalutara,442,6370,30
2026,30,2026-07-20,2026-07-26,Kandy,526,5627,30
2026,30,2026-07-20,2026-07-26,Matale,35,837,30
2026,30,2026-07-20,2026-07-26,Nuwara Eliya,74,598,30
2026,30,2026-07-20,2026-07-26,Galle,266,4534,30
2026,30,2026-07-20,2026-07-26,Hambantota,123,2246,30
2026,30,2026-07-20,2026-07-26,Matara,320,5638,30
2026,30,2026-07-20,2026-07-26,Jaffna,23,834,30
2026,30,2026-07-20,2026-07-26,Kilinochchi,5,79,30
2026,30,2026-07-20,2026-07-26,Mannar,4,89,30
2026,30,2026-07-20,2026-07-26,Vavuniya,8,136,30
2026,30,2026-07-20,2026-07-26,Mullaitivu,2,48,30
2026,30,2026-07-20,2026-07-26,Batticaloa,44,1368,30
2026,30,2026-07-20,2026-07-26,Ampara,30,572,30
2026,30,2026-07-20,2026-07-26,Trincomalee,8,621,30
2026,30,2026-07-20,2026-07-26,Kalmunai,38,917,30
2026,30,2026-07-20,2026-07-26,Kurunegala,200,2299,30
2026,30,2026-07-20,2026-07-26,Puttalam,153,1722,30
2026,30,2026-07-20,2026-07-26,Anuradhapura,64,764,30
2026,30,2026-07-20,2026-07-26,Polonnaruwa,49,664,30
2026,30,2026-07-20,2026-07-26,Badulla,148,1205,30
2026,30,2026-07-20,2026-07-26,Monaragala,67,1034,30
2026,30,2026-07-20,2026-07-26,Ratnapura,256,4551,30
2026,30,2026-07-20,2026-07-26,Kegalle,174,2239,30
2026,31,2026-07-27,2026-08-02,Colombo,1004,20606,31
2026,31,2026-07-27,2026-08-02,Gampaha,931,18322,31
2026,31,2026-07-27,2026-08-02,Kalutara,372,6745,31
2026,31,2026-07-27,2026-08-02,Kandy,390,6032,31
2026,31,2026-07-27,2026-08-02,Matale,47,884,31
2026,31,2026-07-27,2026-08-02,Nuwara Eliya,49,650,31
2026,31,2026-07-27,2026-08-02,Galle,246,4783,31
2026,31,2026-07-27,2026-08-02,Hambantota,96,2342,31
2026,31,2026-07-27,2026-08-02,Matara,208,5846,31
2026,31,2026-07-27,2026-08-02,Jaffna,44,876,31
2026,31,2026-07-27,2026-08-02,Kilinochchi,2,81,31
2026,31,2026-07-27,2026-08-02,Mannar,4,90,31
2026,31,2026-07-27,2026-08-02,Vavuniya,10,146,31
2026,31,2026-07-27,2026-08-02,Mullaitivu,6,54,31
2026,31,2026-07-27,2026-08-02,Batticaloa,49,1415,31
2026,31,2026-07-27,2026-08-02,Ampara,27,599,31
2026,31,2026-07-27,2026-08-02,Trincomalee,20,641,31
2026,31,2026-07-27,2026-08-02,Kalmunai,32,949,31
2026,31,2026-07-27,2026-08-02,Kurunegala,142,2439,31
2026,31,2026-07-27,2026-08-02,Puttalam,119,1838,31
2026,31,2026-07-27,2026-08-02,Anuradhapura,64,828,31
2026,31,2026-07-27,2026-08-02,Polonnaruwa,33,697,31
2026,31,2026-07-27,2026-08-02,Badulla,101,1306,31
2026,31,2026-07-27,2026-08-02,Monaragala,65,1098,31
2026,31,2026-07-27,2026-08-02,Ratnapura,159,4705,31
2026,31,2026-07-27,2026-08-02,Kegalle,171,2411,31
2026,32,2026-08-03,2026-08-09,Colombo,747,21378,32
2026,32,2026-08-03,2026-08-09,Gampaha,759,19068,32
2026,32,2026-08-03,2026-08-09,Kalutara,257,7001,32
2026,32,2026-08-03,2026-08-09,Kandy,332,6360,32
2026,32,2026-08-03,2026-08-09,Matale,43,928,32
2026,32,2026-08-03,2026-08-09,Nuwara Eliya,33,676,32
2026,32,2026-08-03,2026-08-09,Galle,157,4937,32
2026,32,2026-08-03,2026-08-09,Hambantota,71,2415,32
2026,32,2026-08-03,2026-08-09,Matara,109,5952,32
2026,32,2026-08-03,2026-08-09,Jaffna,46,921,32
2026,32,2026-08-03,2026-08-09,Kilinochchi,2,83,32
2026,32,2026-08-03,2026-08-09,Mannar,1,91,32
2026,32,2026-08-03,2026-08-09,Vavuniya,6,152,32
2026,32,2026-08-03,2026-08-09,Mullaitivu,14,68,32
2026,32,2026-08-03,2026-08-09,Batticaloa,37,1451,32
2026,32,2026-08-03,2026-08-09,Ampara,14,613,32
2026,32,2026-08-03,2026-08-09,Trincomalee,13,653,32
2026,32,2026-08-03,2026-08-09,Kalmunai,35,984,32
2026,32,2026-08-03,2026-08-09,Kurunegala,86,2532,32
2026,32,2026-08-03,2026-08-09,Puttalam,94,1934,32
2026,32,2026-08-03,2026-08-09,Anuradhapura,36,863,32
2026,32,2026-08-03,2026-08-09,Polonnaruwa,13,710,32
2026,32,2026-08-03,2026-08-09,Badulla,54,1357,32
2026,32,2026-08-03,2026-08-09,Monaragala,28,1124,32
2026,32,2026-08-03,2026-08-09,Ratnapura,152,4859,32
2026,32,2026-08-03,2026-08-09,Kegalle,118,2525,32
2026,33,2026-08-10,2026-08-16,Colombo,623,21987,33
2026,33,2026-08-10,2026-08-16,Gampaha,606,19671,33
2026,33,2026-08-10,2026-08-16,Kalutara,167,7168,33
2026,33,2026-08-10,2026-08-16,Kandy,273,6636,33
2026,33,2026-08-10,2026-08-16,Matale,30,958,33
2026,33,2026-08-10,2026-08-16,Nuwara Eliya,31,707,33
2026,33,2026-08-10,2026-08-16,Galle,121,5066,33
2026,33,2026-08-10,2026-08-16,Hambantota,51,2466,33
2026,33,2026-08-10,2026-08-16,Matara,92,6039,33
2026,33,2026-08-10,2026-08-16,Jaffna,9,927,33
2026,33,2026-08-10,2026-08-16,Kilinochchi,8,91,33
2026,33,2026-08-10,2026-08-16,Mannar,1,92,33
2026,33,2026-08-10,2026-08-16,Vavuniya,9,161,33
2026,33,2026-08-10,2026-08-16,Mullaitivu,3,71,33
2026,33,2026-08-10,2026-08-16,Batticaloa,33,1483,33
2026,33,2026-08-10,2026-08-16,Ampara,19,631,33
2026,33,2026-08-10,2026-08-16,Trincomalee,15,668,33
2026,33,2026-08-10,2026-08-16,Kalmunai,59,1043,33
2026,33,2026-08-10,2026-08-16,Kurunegala,68,2602,33
2026,33,2026-08-10,2026-08-16,Puttalam,65,1999,33
2026,33,2026-08-10,2026-08-16,Anuradhapura,37,895,33
2026,33,2026-08-10,2026-08-16,Polonnaruwa,19,729,33
2026,33,2026-08-10,2026-08-16,Badulla,69,1430,33
2026,33,2026-08-10,2026-08-16,Monaragala,25,1149,33
2026,33,2026-08-10,2026-08-16,Ratnapura,86,4946,33
2026,33,2026-08-10,2026-08-16,Kegalle,109,2636,33
2026,34,2026-08-17,2026-08-23,Colombo,442,22436,34
2026,34,2026-08-17,2026-08-23,Gampaha,369,20036,34
2026,34,2026-08-17,2026-08-23,Kalutara,136,7298,34
2026,34,2026-08-17,2026-08-23,Kandy,188,6817,34
2026,34,2026-08-17,2026-08-23,Matale,15,977,34
2026,34,2026-08-17,2026-08-23,Nuwara Eliya,18,725,34
2026,34,2026-08-17,2026-08-23,Galle,92,5161,34
2026,34,2026-08-17,2026-08-23,Hambantota,44,2510,34
2026,34,2026-08-17,2026-08-23,Matara,57,6092,34
2026,34,2026-08-17,2026-08-23,Jaffna,16,943,34
2026,34,2026-08-17,2026-08-23,Kilinochchi,1,92,34
2026,34,2026-08-17,2026-08-23,Mannar,2,94,34
2026,34,2026-08-17,2026-08-23,Vavuniya,1,162,34
2026,34,2026-08-17,2026-08-23,Mullaitivu,2,73,34
2026,34,2026-08-17,2026-08-23,Batticaloa,24,1506,34
2026,34,2026-08-17,2026-08-23,Ampara,11,644,34
2026,34,2026-08-17,2026-08-23,Trincomalee,8,676,34
2026,34,2026-08-17,2026-08-23,Kalmunai,29,1072,34
2026,34,2026-08-17,2026-08-23,Kurunegala,49,2652,34
2026,34,2026-08-17,2026-08-23,Puttalam,34,2033,34
2026,34,2026-08-17,2026-08-23,Anuradhapura,42,937,34
2026,34,2026-08-17,2026-08-23,Polonnaruwa,15,744,34
2026,34,2026-08-17,2026-08-23,Badulla,41,1466,34
2026,34,2026-08-17,2026-08-23,Monaragala,25,1176,34
2026,34,2026-08-17,2026-08-23,Ratnapura,58,5001,34
2026,34,2026-08-17,2026-08-23,Kegalle,83,2712,34
2026,35,2026-08-24,2026-08-30,Colombo,295,22725,35
2026,35,2026-08-24,2026-08-30,Gampaha,271,20307,35
2026,35,2026-08-24,2026-08-30,Kalutara,94,7393,35
2026,35,2026-08-24,2026-08-30,Kandy,152,6962,35
2026,35,2026-08-24,2026-08-30,Matale,11,988,35
2026,35,2026-08-24,2026-08-30,Nuwara Eliya,10,741,35
2026,35,2026-08-24,2026-08-30,Galle,54,5214,35
2026,35,2026-08-24,2026-08-30,Hambantota,15,2532,35
2026,35,2026-08-24,2026-08-30,Matara,43,6129,35
2026,35,2026-08-24,2026-08-30,Jaffna,17,960,35
2026,35,2026-08-24,2026-08-30,Kilinochchi,0,92,35
2026,35,2026-08-24,2026-08-30,Mannar,1,95,35
2026,35,2026-08-24,2026-08-30,Vavuniya,3,165,35
2026,35,2026-08-24,2026-08-30,Mullaitivu,0,73,35
2026,35,2026-08-24,2026-08-30,Batticaloa,17,1523,35
2026,35,2026-08-24,2026-08-30,Ampara,23,667,35
2026,35,2026-08-24,2026-08-30,Trincomalee,3,679,35
2026,35,2026-08-24,2026-08-30,Kalmunai,31,1103,35
2026,35,2026-08-24,2026-08-30,Kurunegala,38,2690,35
2026,35,2026-08-24,2026-08-30,Puttalam,38,2071,35
2026,35,2026-08-24,2026-08-30,Anuradhapura,15,952,35
2026,35,2026-08-24,2026-08-30,Polonnaruwa,4,748,35
2026,35,2026-08-24,2026-08-30,Badulla,25,1492,35
2026,35,2026-08-24,2026-08-30,Monaragala,17,1193,35
2026,35,2026-08-24,2026-08-30,Ratnapura,54,5060,35
2026,35,2026-08-24,2026-08-30,Kegalle,65,2777,35
2026,36,2026-08-31,2026-09-06,Colombo,222,22954,37
2026,36,2026-08-31,2026-09-06,Gampaha,224,20523,37
2026,36,2026-08-31,2026-09-06,Kalutara,71,7464,37
2026,36,2026-08-31,2026-09-06,Kandy,158,7115,37
2026,36,2026-08-31,2026-09-06,Matale,10,998,37
2026,36,2026-08-31,2026-09-06,Nuwara Eliya,18,759,37
2026,36,2026-08-31,2026-09-06,Galle,47,5260,37
2026,36,2026-08-31,2026-09-06,Hambantota,21,2553,37
2026,36,2026-08-31,2026-09-06,Matara,41,6169,37
2026,36,2026-08-31,2026-09-06,Jaffna,19,979,37
2026,36,2026-08-31,2026-09-06,Kilinochchi,0,92,37
2026,36,2026-08-31,2026-09-06,Mannar,0,95,37
2026,36,2026-08-31,2026-09-06,Vavuniya,0,165,37
2026,36,2026-08-31,2026-09-06,Mullaitivu,0,73,37
2026,36,2026-08-31,2026-09-06,Batticaloa,21,1544,37
2026,36,2026-08-31,2026-09-06,Ampara,12,682,37
2026,36,2026-08-31,2026-09-06,Trincomalee,5,684,37
2026,36,2026-08-31,2026-09-06,Kalmunai,32,1134,37
2026,36,2026-08-31,2026-09-06,Kurunegala,29,2722,37
2026,36,2026-08-31,2026-09-06,Puttalam,37,2108,37
2026,36,2026-08-31,2026-09-06,Anuradhapura,30,982,37
2026,36,2026-08-31,2026-09-06,Polonnaruwa,8,756,37
2026,36,2026-08-31,2026-09-06,Badulla,23,1517,37
2026,36,2026-08-31,2026-09-06,Monaragala,11,1206,37
2026,36,2026-08-31,2026-09-06,Ratnapura,55,5115,37
2026,36,2026-08-31,2026-09-06,Kegalle,58,2832,37
2026,37,2026-09-07,2026-09-13,Colombo,207,23161,37
2026,37,2026-09-07,2026-09-13,Gampaha,218,20741,37
2026,37,2026-09-07,2026-09-13,Kalutara,73,7537,37
2026,37,2026-09-07,2026-09-13,Kandy,174,7289,37
2026,37,2026-09-07,2026-09-13,Matale,12,1010,37
2026,37,2026-09-07,2026-09-13,Nuwara Eliya,14,773,37
2026,37,2026-09-07,2026-09-13,Galle,69,5329,37
2026,37,2026-09-07,2026-09-13,Hambantota,22,2575,37
2026,37,2026-09-07,2026-09-13,Matara,38,6207,37
2026,37,2026-09-07,2026-09-13,Jaffna,22,1001,37
2026,37,2026-09-07,2026-09-13,Kilinochchi,3,95,37
2026,37,2026-09-07,2026-09-13,Mannar,0,95,37
2026,37,2026-09-07,2026-09-13,Vavuniya,1,166,37
2026,37,2026-09-07,2026-09-13,Mullaitivu,1,74,37
2026,37,2026-09-07,2026-09-13,Batticaloa,13,1557,37
2026,37,2026-09-07,2026-09-13,Ampara,10,692,37
2026,37,2026-09-07,2026-09-13,Trincomalee,5,689,37
2026,37,2026-09-07,2026-09-13,Kalmunai,31,1165,37
2026,37,2026-09-07,2026-09-13,Kurunegala,38,2760,37
2026,37,2026-09-07,2026-09-13,Puttalam,33,2141,37
2026,37,2026-09-07,2026-09-13,Anuradhapura,11,993,37
2026,37,2026-09-07,2026-09-13,Polonnaruwa,12,768,37
2026,37,2026-09-07,2026-09-13,Badulla,25,1542,37
2026,37,2026-09-07,2026-09-13,Monaragala,11,1217,37
2026,37,2026-09-07,2026-09-13,Ratnapura,44,5159,37
2026,37,2026-09-07,2026-09-13,Kegalle,69,2901,37
