date,currency,lkr_per_unit,source_updated_utc
2026-10-05,USD,330.678444,2026-10-05T00:02:31Z
2026-10-05,EUR,372.012784,2026-10-05T00:02:31Z
2026-10-05,GBP,437.563358,2026-10-05T00:02:31Z
2026-10-05,INR,3.430252,2026-10-05T00:02:31Z
2026-10-05,JPY,2.09648,2026-10-05T00:02:31Z
2026-10-05,AUD,229.754441,2026-10-05T00:02:31Z
2026-10-05,CNY,49.278771,2026-10-05T00:02:31Z
2026-10-05,AED,90.041782,2026-10-05T00:02:31Z
2026-10-06,USD,330.437691,2026-10-06T00:02:31Z
2026-10-06,EUR,370.39975,2026-10-06T00:02:31Z
2026-10-06,GBP,436.806666,2026-10-06T00:02:31Z
2026-10-06,INR,3.428474,2026-10-06T00:02:31Z
2026-10-06,JPY,2.091614,2026-10-06T00:02:31Z
2026-10-06,AUD,230.153407,2026-10-06T00:02:31Z
2026-10-06,CNY,49.212803,2026-10-06T00:02:31Z
2026-10-06,AED,89.976226,2026-10-06T00:02:31Z
