target_date,city,horizon_days,based_on_date,temp_max_c,temp_min_c,precipitation_mm
2026-10-06,Kilinochchi,1,2026-10-05,35.0,25.5,4.6
2026-10-06,Trincomalee,1,2026-10-05,32.4,24.8,2.6
2026-10-06,Ampara,1,2026-10-05,33.9,24.7,7.9
2026-10-06,Anuradhapura,1,2026-10-05,33.3,24.4,6.1
2026-10-06,Badulla,1,2026-10-05,30.0,20.0,10.3
2026-10-06,Batticaloa,1,2026-10-05,32.6,25.2,4.8
2026-10-06,Colombo,1,2026-10-05,31.5,24.9,5.5
2026-10-06,Galle,1,2026-10-05,31.1,24.5,5.2
2026-10-06,Gampaha,1,2026-10-05,31.5,23.9,12.7
2026-10-06,Hambantota,1,2026-10-05,31.5,25.5,5.0
2026-10-06,Jaffna,1,2026-10-05,32.9,27.0,5.2
2026-10-06,Kalutara,1,2026-10-05,30.9,24.3,8.2
2026-10-06,Vavuniya,1,2026-10-05,33.9,24.1,6.1
2026-10-06,Kandy,1,2026-10-05,29.4,21.2,16.2
2026-10-06,Kurunegala,1,2026-10-05,31.5,23.2,13.1
2026-10-06,Mannar,1,2026-10-05,32.2,26.5,3.0
2026-10-06,Matale,1,2026-10-05,30.0,22.2,17.2
2026-10-06,Matara,1,2026-10-05,31.6,24.3,7.0
2026-10-06,Monaragala,1,2026-10-05,33.3,23.6,9.7
2026-10-06,Mullaitivu,1,2026-10-05,32.3,25.8,0.9
2026-10-06,Nuwara Eliya,1,2026-10-05,20.3,13.4,11.7
2026-10-06,Polonnaruwa,1,2026-10-05,33.8,24.4,8.2
2026-10-06,Puttalam,1,2026-10-05,31.9,24.9,7.2
2026-10-06,Ratnapura,1,2026-10-05,32.4,23.8,19.7
2026-10-06,Kegalle,1,2026-10-05,31.3,23.3,16.5
2026-10-06,Wellawaya,1,2026-10-05,32.0,24.0,9.6
2026-10-07,Kilinochchi,2,2026-10-05,34.5,25.7,3.8
2026-10-07,Trincomalee,2,2026-10-05,32.5,24.8,4.2
2026-10-07,Ampara,2,2026-10-05,33.8,24.7,6.2
2026-10-07,Anuradhapura,2,2026-10-05,33.1,24.5,5.8
2026-10-07,Badulla,2,2026-10-05,29.8,20.0,11.8
2026-10-07,Batticaloa,2,2026-10-05,32.3,25.1,5.8
2026-10-07,Colombo,2,2026-10-05,31.2,24.8,7.3
2026-10-07,Galle,2,2026-10-05,30.7,24.7,6.9
2026-10-07,Gampaha,2,2026-10-05,31.2,24.0,13.2
2026-10-07,Hambantota,2,2026-10-05,31.5,25.4,4.4
2026-10-07,Jaffna,2,2026-10-05,32.1,27.1,5.5
2026-10-07,Kalutara,2,2026-10-05,30.7,24.1,8.4
2026-10-07,Vavuniya,2,2026-10-05,33.5,24.2,5.7
2026-10-07,Kandy,2,2026-10-05,29.4,20.9,12.4
2026-10-07,Kurunegala,2,2026-10-05,31.0,23.3,13.4
2026-10-07,Mannar,2,2026-10-05,32.0,26.6,3.3
2026-10-07,Matale,2,2026-10-05,29.8,22.4,18.2
2026-10-07,Matara,2,2026-10-05,31.2,24.4,9.4
2026-10-07,Monaragala,2,2026-10-05,33.1,23.6,11.0
2026-10-07,Mullaitivu,2,2026-10-05,32.3,25.6,2.4
2026-10-07,Nuwara Eliya,2,2026-10-05,20.3,13.4,11.4
2026-10-07,Polonnaruwa,2,2026-10-05,33.9,24.6,6.7
2026-10-07,Puttalam,2,2026-10-05,31.9,24.8,7.4
2026-10-07,Ratnapura,2,2026-10-05,31.8,23.6,19.9
2026-10-07,Kegalle,2,2026-10-05,31.1,23.3,17.6
2026-10-07,Wellawaya,2,2026-10-05,31.9,23.9,7.1
