date,effective_time,product_code,product,price_lkr_per_litre
1990-03-01,,FUR. 1500 (Low),Lanka Fuel Oil 1500 Sec (Low Sulphur),4.29
1990-03-01,,FUR. 800,Lanka Fuel Oil Super (800),4.7
1990-03-01,,LAD,Lanka Auto Diesel,9.6
1990-03-01,,LIK,Lanka Industrial Kerosene,9.85
1990-03-01,,LK,Lanka Kerosene,6.58
1990-03-01,,LP 92,Lanka Petrol 92 Octane,20
1990-03-01,,LP 95,Lanka Petrol 95 Octane Euro 4,22
1990-03-01,,LSD,Lanka Super Diesel 4 Star Euro 4,10.9
1990-08-14,,FUR. 1500 (Low),Lanka Fuel Oil 1500 Sec (Low Sulphur),4.9
1990-08-14,,FUR. 800,Lanka Fuel Oil Super (800),5.4
1990-08-14,,LAD,Lanka Auto Diesel,11
1990-08-14,,LIK,Lanka Industrial Kerosene,9.85
1990-08-14,,LK,Lanka Kerosene,8
1990-08-14,,LP 92,Lanka Petrol 92 Octane,25
1990-08-14,,LP 95,Lanka Petrol 95 Octane Euro 4,27
1990-08-14,,LSD,Lanka Super Diesel 4 Star Euro 4,12.5
1990-11-05,,FUR. 1500 (Low),Lanka Fuel Oil 1500 Sec (Low Sulphur),5.6
1990-11-05,,FUR. 800,Lanka Fuel Oil Super (800),6.3
1990-11-05,,LAD,Lanka Auto Diesel,13
1990-11-05,,LIK,Lanka Industrial Kerosene,9.58
1990-11-05,,LK,Lanka Kerosene,8.8
1990-11-05,,LP 92,Lanka Petrol 92 Octane,35
1990-11-05,,LP 95,Lanka Petrol 95 Octane Euro 4,38
1990-11-05,,LSD,Lanka Super Diesel 4 Star Euro 4,15
1990-12-26,,FUR. 1500 (Low),Lanka Fuel Oil 1500 Sec (Low Sulphur),5.6
1990-12-26,,FUR. 800,Lanka Fuel Oil Super (800),6.3
1990-12-26,,LAD,Lanka Auto Diesel,11
1990-12-26,,LIK,Lanka Industrial Kerosene,9.85
1990-12-26,,LK,Lanka Kerosene,8.8
1990-12-26,,LP 92,Lanka Petrol 92 Octane,30
1990-12-26,,LP 95,Lanka Petrol 95 Octane Euro 4,32.5
1990-12-26,,LSD,Lanka Super Diesel 4 Star Euro 4,13
1991-01-01,,FUR. 1500 (Low),Lanka Fuel Oil 1500 Sec (Low Sulphur),5.55
1991-01-01,,FUR. 800,Lanka Fuel Oil Super (800),6.25
1991-01-01,,LAD,Lanka Auto Diesel,11
1991-01-01,,LIK,Lanka Industrial Kerosene,9.85
1991-01-01,,LK,Lanka Kerosene,8.8
1991-01-01,,LP 92,Lanka Petrol 92 Octane,30
1991-01-01,,LP 95,Lanka Petrol 95 Octane Euro 4,32.5
1991-01-01,,LSD,Lanka Super Diesel 4 Star Euro 4,13
1992-05-13,,FUR. 1500 (Low),Lanka Fuel Oil 1500 Sec (Low Sulphur),5.55
1992-05-13,,FUR. 800,Lanka Fuel Oil Super (800),6.25
1992-05-13,,LAD,Lanka Auto Diesel,11.5
1992-05-13,,LIK,Lanka Industrial Kerosene,9.85
1992-05-13,,LK,Lanka Kerosene,8.8
1992-05-13,,LP 92,Lanka Petrol 92 Octane,30
1992-05-13,,LP 95,Lanka Petrol 95 Octane Euro 4,32.5
1992-05-13,,LSD,Lanka Super Diesel 4 Star Euro 4,13.5
1992-06-28,,FUR. 1500 (Low),Lanka Fuel Oil 1500 Sec (Low Sulphur),5.55
1992-06-28,,FUR. 800,Lanka Fuel Oil Super (800),6.25
1992-06-28,,LAD,Lanka Auto Diesel,11.5
1992-06-28,,LIK,Lanka Industrial Kerosene,9.85
1992-06-28,,LK,Lanka Kerosene,8.8
1992-06-28,,LP 92,Lanka Petrol 92 Octane,30
1992-06-28,,LP 95,Lanka Petrol 95 Octane Euro 4,32.5
1992-06-28,,LSD,Lanka Super Diesel 4 Star Euro 4,14.5
1992-07-14,,FUR. 1500 (Low),Lanka Fuel Oil 1500 Sec (Low Sulphur),5.55
1992-07-14,,FUR. 800,Lanka Fuel Oil Super (800),6.25
1992-07-14,,LAD,Lanka Auto Diesel,11.55
1992-07-14,,LIK,Lanka Industrial Kerosene,9.85
1992-07-14,,LK,Lanka Kerosene,8.8
1992-07-14,,LP 92,Lanka Petrol 92 Octane,30
1992-07-14,,LP 95,Lanka Petrol 95 Octane Euro 4,32.5
1992-07-14,,LSD,Lanka Super Diesel 4 Star Euro 4,14.5
1992-08-21,,FUR. 1500 (Low),Lanka Fuel Oil 1500 Sec (Low Sulphur),5.55
1992-08-21,,FUR. 800,Lanka Fuel Oil Super (800),6.25
1992-08-21,,LAD,Lanka Auto Diesel,11.55
1992-08-21,,LIK,Lanka Industrial Kerosene,9.85
1992-08-21,,LK,Lanka Kerosene,8.8
1992-08-21,,LP 92,Lanka Petrol 92 Octane,33
1992-08-21,,LP 95,Lanka Petrol 95 Octane Euro 4,35.5
1992-08-21,,LSD,Lanka Super Diesel 4 Star Euro 4,14.5
1992-10-03,,FUR. 1500 (Low),Lanka Fuel Oil 1500 Sec (Low Sulphur),5.55
1992-10-03,,FUR. 800,Lanka Fuel Oil Super (800),6.25
1992-10-03,,LAD,Lanka Auto Diesel,11.6
1992-10-03,,LIK,Lanka Industrial Kerosene,9.85
1992-10-03,,LK,Lanka Kerosene,8.8
1992-10-03,,LP 92,Lanka Petrol 92 Octane,33
1992-10-03,,LP 95,Lanka Petrol 95 Octane Euro 4,35.5
1992-10-03,,LSD,Lanka Super Diesel 4 Star Euro 4,14.5
1992-12-21,,FUR. 1500 (Low),Lanka Fuel Oil 1500 Sec (Low Sulphur),5.55
1992-12-21,,FUR. 800,Lanka Fuel Oil Super (800),6.25
1992-12-21,,LAD,Lanka Auto Diesel,11.65
1992-12-21,,LIK,Lanka Industrial Kerosene,9.85
1992-12-21,,LK,Lanka Kerosene,8.8
1992-12-21,,LP 92,Lanka Petrol 92 Octane,33
1992-12-21,,LP 95,Lanka Petrol 95 Octane Euro 4,35.5
1992-12-21,,LSD,Lanka Super Diesel 4 Star Euro 4,14.5
1993-06-07,,FUR. 1500 (Low),Lanka Fuel Oil 1500 Sec (Low Sulphur),5.55
1993-06-07,,FUR. 800,Lanka Fuel Oil Super (800),6.25
1993-06-07,,LAD,Lanka Auto Diesel,11.7
1993-06-07,,LIK,Lanka Industrial Kerosene,9.85
1993-06-07,,LK,Lanka Kerosene,8.8
1993-06-07,,LP 92,Lanka Petrol 92 Octane,33
1993-06-07,,LP 95,Lanka Petrol 95 Octane Euro 4,35.5
1993-06-07,,LSD,Lanka Super Diesel 4 Star Euro 4,14.5
1993-06-11,,FUR. 1500 (Low),Lanka Fuel Oil 1500 Sec (Low Sulphur),5.55
1993-06-11,,FUR. 800,Lanka Fuel Oil Super (800),6.25
1993-06-11,,LAD,Lanka Auto Diesel,11.7
1993-06-11,,LIK,Lanka Industrial Kerosene,11.8
1993-06-11,,LK,Lanka Kerosene,11.8
1993-06-11,,LP 92,Lanka Petrol 92 Octane,33
1993-06-11,,LP 95,Lanka Petrol 95 Octane Euro 4,35.5
1993-06-11,,LSD,Lanka Super Diesel 4 Star Euro 4,14.5
1993-07-12,,FUR. 1500 (Low),Lanka Fuel Oil 1500 Sec (Low Sulphur),5.55
1993-07-12,,FUR. 800,Lanka Fuel Oil Super (800),6.25
1993-07-12,,LAD,Lanka Auto Diesel,11.8
1993-07-12,,LIK,Lanka Industrial Kerosene,11.8
1993-07-12,,LK,Lanka Kerosene,11.8
1993-07-12,,LP 92,Lanka Petrol 92 Octane,33
1993-07-12,,LP 95,Lanka Petrol 95 Octane Euro 4,35.5
1993-07-12,,LSD,Lanka Super Diesel 4 Star Euro 4,14.6
1993-08-30,,FUR. 1500 (Low),Lanka Fuel Oil 1500 Sec (Low Sulphur),5.55
1993-08-30,,FUR. 800,Lanka Fuel Oil Super (800),6.25
1993-08-30,,LAD,Lanka Auto Diesel,11.9
1993-08-30,,LIK,Lanka Industrial Kerosene,11.8
1993-08-30,,LK,Lanka Kerosene,11.8
1993-08-30,,LP 92,Lanka Petrol 92 Octane,33
1993-08-30,,LP 95,Lanka Petrol 95 Octane Euro 4,35.5
1993-08-30,,LSD,Lanka Super Diesel 4 Star Euro 4,14.7
1993-10-14,,FUR. 1500 (Low),Lanka Fuel Oil 1500 Sec (Low Sulphur),5.55
1993-10-14,,FUR. 800,Lanka Fuel Oil Super (800),6.25
1993-10-14,,LAD,Lanka Auto Diesel,12
1993-10-14,,LIK,Lanka Industrial Kerosene,11.8
1993-10-14,,LK,Lanka Kerosene,11.8
1993-10-14,,LP 92,Lanka Petrol 92 Octane,35
1993-10-14,,LP 95,Lanka Petrol 95 Octane Euro 4,37.5
1993-10-14,,LSD,Lanka Super Diesel 4 Star Euro 4,14.8
1993-12-17,,FUR. 1500 (Low),Lanka Fuel Oil 1500 Sec (Low Sulphur),5.55
1993-12-17,,FUR. 800,Lanka Fuel Oil Super (800),6.25
1993-12-17,,LAD,Lanka Auto Diesel,12.2
1993-12-17,,LIK,Lanka Industrial Kerosene,11.8
1993-12-17,,LK,Lanka Kerosene,11.8
1993-12-17,,LP 92,Lanka Petrol 92 Octane,35
1993-12-17,,LP 95,Lanka Petrol 95 Octane Euro 4,37.5
1993-12-17,,LSD,Lanka Super Diesel 4 Star Euro 4,15
1994-02-17,,FUR. 1500 (Low),Lanka Fuel Oil 1500 Sec (Low Sulphur),5.55
1994-02-17,,FUR. 800,Lanka Fuel Oil Super (800),6.25
1994-02-17,,LAD,Lanka Auto Diesel,12.3
1994-02-17,,LIK,Lanka Industrial Kerosene,11.8
1994-02-17,,LK,Lanka Kerosene,11.8
1994-02-17,,LP 92,Lanka Petrol 92 Octane,35
1994-02-17,,LP 95,Lanka Petrol 95 Octane Euro 4,37.5
1994-02-17,,LSD,Lanka Super Diesel 4 Star Euro 4,15.1
1994-03-28,,FUR. 1500 (Low),Lanka Fuel Oil 1500 Sec (Low Sulphur),5.55
1994-03-28,,FUR. 800,Lanka Fuel Oil Super (800),6.25
1994-03-28,,LAD,Lanka Auto Diesel,12.4
1994-03-28,,LIK,Lanka Industrial Kerosene,11.8
1994-03-28,,LK,Lanka Kerosene,11.8
1994-03-28,,LP 92,Lanka Petrol 92 Octane,35
1994-03-28,,LP 95,Lanka Petrol 95 Octane Euro 4,37.5
1994-03-28,,LSD,Lanka Super Diesel 4 Star Euro 4,12.2
1994-06-28,,FUR. 1500 (Low),Lanka Fuel Oil 1500 Sec (Low Sulphur),5.55
1994-06-28,,FUR. 800,Lanka Fuel Oil Super (800),6.25
1994-06-28,,LAD,Lanka Auto Diesel,11.4
1994-06-28,,LIK,Lanka Industrial Kerosene,11.8
1994-06-28,,LK,Lanka Kerosene,9.5
1994-06-28,,LP 92,Lanka Petrol 92 Octane,35
1994-06-28,,LP 95,Lanka Petrol 95 Octane Euro 4,37.5
1994-06-28,,LSD,Lanka Super Diesel 4 Star Euro 4,14.2
1995-01-26,,FUR. 1500 (Low),Lanka Fuel Oil 1500 Sec (Low Sulphur),5.55
1995-01-26,,FUR. 800,Lanka Fuel Oil Super (800),6.25
1995-01-26,,LAD,Lanka Auto Diesel,11.4
1995-01-26,,LIK,Lanka Industrial Kerosene,11.8
1995-01-26,,LK,Lanka Kerosene,9.5
1995-01-26,,LP 92,Lanka Petrol 92 Octane,40
1995-01-26,,LP 95,Lanka Petrol 95 Octane Euro 4,42.5
1995-01-26,,LSD,Lanka Super Diesel 4 Star Euro 4,14.2
1995-02-09,,FUR. 1500 (Low),Lanka Fuel Oil 1500 Sec (Low Sulphur),5.55
1995-02-09,,FUR. 800,Lanka Fuel Oil Super (800),6.25
1995-02-09,,LAD,Lanka Auto Diesel,12.4
1995-02-09,,LIK,Lanka Industrial Kerosene,11.8
1995-02-09,,LK,Lanka Kerosene,9.5
1995-02-09,,LP 92,Lanka Petrol 92 Octane,40
1995-02-09,,LP 95,Lanka Petrol 95 Octane Euro 4,42.5
1995-02-09,,LSD,Lanka Super Diesel 4 Star Euro 4,15.2
1996-09-28,,FUR. 1500 (Low),Lanka Fuel Oil 1500 Sec (Low Sulphur),6.8
1996-09-28,,FUR. 800,Lanka Fuel Oil Super (800),7.5
1996-09-28,,LAD,Lanka Auto Diesel,13.2
1996-09-28,,LIK,Lanka Industrial Kerosene,12.7
1996-09-28,,LK,Lanka Kerosene,10.4
1996-09-28,,LP 92,Lanka Petrol 92 Octane,50
1996-09-28,,LP 95,Lanka Petrol 95 Octane Euro 4,55
1996-09-28,,LSD,Lanka Super Diesel 4 Star Euro 4,18.5
1999-05-26,,FUR. 1500 (Low),Lanka Fuel Oil 1500 Sec (Low Sulphur),6.8
1999-05-26,,FUR. 800,Lanka Fuel Oil Super (800),7.5
1999-05-26,,LAD,Lanka Auto Diesel,13.2
1999-05-26,,LIK,Lanka Industrial Kerosene,12.7
1999-05-26,,LK,Lanka Kerosene,10.4
1999-05-26,,LP 92,Lanka Petrol 92 Octane,50
1999-05-26,,LP 95,Lanka Petrol 95 Octane Euro 4,53
1999-05-26,,LSD,Lanka Super Diesel 4 Star Euro 4,18.5
2000-02-07,,FUR. 1500 (Low),Lanka Fuel Oil 1500 Sec (Low Sulphur),6.8
2000-02-07,,FUR. 800,Lanka Fuel Oil Super (800),7.5
2000-02-07,,LAD,Lanka Auto Diesel,16.2
2000-02-07,,LIK,Lanka Industrial Kerosene,17.7
2000-02-07,,LK,Lanka Kerosene,15.4
2000-02-07,,LP 92,Lanka Petrol 92 Octane,50
2000-02-07,,LP 95,Lanka Petrol 95 Octane Euro 4,53
2000-02-07,,LSD,Lanka Super Diesel 4 Star Euro 4,21.5
2000-06-12,,FUR. 1500 (Low),Lanka Fuel Oil 1500 Sec (Low Sulphur),9.8
2000-06-12,,FUR. 800,Lanka Fuel Oil Super (800),10.5
2000-06-12,,LAD,Lanka Auto Diesel,19.5
2000-06-12,,LIK,Lanka Industrial Kerosene,17.7
2000-06-12,,LK,Lanka Kerosene,15.4
2000-06-12,,LP 92,Lanka Petrol 92 Octane,50
2000-06-12,,LP 95,Lanka Petrol 95 Octane Euro 4,53
2000-06-12,,LSD,Lanka Super Diesel 4 Star Euro 4,24.8
2000-11-16,,FUR. 1500 (Low),Lanka Fuel Oil 1500 Sec (Low Sulphur),12.7
2000-11-16,,FUR. 800,Lanka Fuel Oil Super (800),13.7
2000-11-16,,LAD,Lanka Auto Diesel,21.5
2000-11-16,,LIK,Lanka Industrial Kerosene,19.7
2000-11-16,,LK,Lanka Kerosene,17.4
2000-11-16,,LP 92,Lanka Petrol 92 Octane,50
2000-11-16,,LP 95,Lanka Petrol 95 Octane Euro 4,53
2000-11-16,,LSD,Lanka Super Diesel 4 Star Euro 4,26.8
2000-12-27,,FUR. 1500 (Low),Lanka Fuel Oil 1500 Sec (Low Sulphur),14
2000-12-27,,FUR. 800,Lanka Fuel Oil Super (800),15.1
2000-12-27,,LAD,Lanka Auto Diesel,24.5
2000-12-27,,LIK,Lanka Industrial Kerosene,20.7
2000-12-27,,LK,Lanka Kerosene,18.4
2000-12-27,,LP 92,Lanka Petrol 92 Octane,50
2000-12-27,,LP 95,Lanka Petrol 95 Octane Euro 4,53
2000-12-27,,LSD,Lanka Super Diesel 4 Star Euro 4,29.8
2001-04-15,,FUR. 1500 (Low),Lanka Fuel Oil 1500 Sec (Low Sulphur),15.8
2001-04-15,,FUR. 800,Lanka Fuel Oil Super (800),17
2001-04-15,,LAD,Lanka Auto Diesel,27.5
2001-04-15,,LIK,Lanka Industrial Kerosene,21.7
2001-04-15,,LK,Lanka Kerosene,19.4
2001-04-15,,LP 92,Lanka Petrol 92 Octane,50
2001-04-15,,LP 95,Lanka Petrol 95 Octane Euro 4,53
2001-04-15,,LSD,Lanka Super Diesel 4 Star Euro 4,32.8
2001-11-15,,FUR. 1500 (Low),Lanka Fuel Oil 1500 Sec (Low Sulphur),15.8
2001-11-15,,FUR. 800,Lanka Fuel Oil Super (800),17
2001-11-15,,LAD,Lanka Auto Diesel,27.5
2001-11-15,,LIK,Lanka Industrial Kerosene,19.7
2001-11-15,,LK,Lanka Kerosene,17.4
2001-11-15,,LP 92,Lanka Petrol 92 Octane,50
2001-11-15,,LP 95,Lanka Petrol 95 Octane Euro 4,53
2001-11-15,,LSD,Lanka Super Diesel 4 Star Euro 4,32.8
2001-12-28,,FUR. 1500 (Low),Lanka Fuel Oil 1500 Sec (Low Sulphur),15.8
2001-12-28,,FUR. 800,Lanka Fuel Oil Super (800),17
2001-12-28,,LAD,Lanka Auto Diesel,16.5
2001-12-28,,LIK,Lanka Industrial Kerosene,19.7
2001-12-28,,LK,Lanka Kerosene,17.4
2001-12-28,,LP 92,Lanka Petrol 92 Octane,50
2001-12-28,,LP 95,Lanka Petrol 95 Octane Euro 4,53
2001-12-28,,LSD,Lanka Super Diesel 4 Star Euro 4,31.8
2002-02-25,,FUR. 1500 (Low),Lanka Fuel Oil 1500 Sec (Low Sulphur),15.5
2002-02-25,,FUR. 800,Lanka Fuel Oil Super (800),17
2002-02-25,,LAD,Lanka Auto Diesel,26
2002-02-25,,LIK,Lanka Industrial Kerosene,19.7
2002-02-25,,LK,Lanka Kerosene,17.4
2002-02-25,,LP 92,Lanka Petrol 92 Octane,49
2002-02-25,,LP 95,Lanka Petrol 95 Octane Euro 4,52
2002-02-25,,LSD,Lanka Super Diesel 4 Star Euro 4,31.3
2002-03-22,,FUR. 1500 (Low),Lanka Fuel Oil 1500 Sec (Low Sulphur),16
2002-03-22,,FUR. 800,Lanka Fuel Oil Super (800),17.4
2002-03-22,,LAD,Lanka Auto Diesel,26
2002-03-22,,LIK,Lanka Industrial Kerosene,19.7
2002-03-22,,LK,Lanka Kerosene,17.4
2002-03-22,,LP 92,Lanka Petrol 92 Octane,50
2002-03-22,,LP 95,Lanka Petrol 95 Octane Euro 4,53
2002-03-22,,LSD,Lanka Super Diesel 4 Star Euro 4,31.3
2002-04-22,,FUR. 1500 (Low),Lanka Fuel Oil 1500 Sec (Low Sulphur),18
2002-04-22,,FUR. 800,Lanka Fuel Oil Super (800),19.4
2002-04-22,,LAD,Lanka Auto Diesel,28
2002-04-22,,LIK,Lanka Industrial Kerosene,21.7
2002-04-22,,LK,Lanka Kerosene,19.4
2002-04-22,,LP 92,Lanka Petrol 92 Octane,52
2002-04-22,,LP 95,Lanka Petrol 95 Octane Euro 4,55
2002-04-22,,LSD,Lanka Super Diesel 4 Star Euro 4,33.3
2002-05-21,,FUR. 1500 (Low),Lanka Fuel Oil 1500 Sec (Low Sulphur),20
2002-05-21,,FUR. 800,Lanka Fuel Oil Super (800),21.4
2002-05-21,,LAD,Lanka Auto Diesel,30
2002-05-21,,LIK,Lanka Industrial Kerosene,23.2
2002-05-21,,LK,Lanka Kerosene,20.9
2002-05-21,,LP 92,Lanka Petrol 92 Octane,54
2002-05-21,,LP 95,Lanka Petrol 95 Octane Euro 4,57
2002-05-21,,LSD,Lanka Super Diesel 4 Star Euro 4,35.3
2002-06-21,,FUR. 1500 (Low),Lanka Fuel Oil 1500 Sec (Low Sulphur),21
2002-06-21,,FUR. 800,Lanka Fuel Oil Super (800),21.4
2002-06-21,,LAD,Lanka Auto Diesel,30.5
2002-06-21,,LIK,Lanka Industrial Kerosene,23.2
2002-06-21,,LK,Lanka Kerosene,20.9
2002-06-21,,LP 92,Lanka Petrol 92 Octane,54.5
2002-06-21,,LP 95,Lanka Petrol 95 Octane Euro 4,57.5
2002-06-21,,LSD,Lanka Super Diesel 4 Star Euro 4,35.3
2002-07-15,,FUR. 1500 (Low),Lanka Fuel Oil 1500 Sec (Low Sulphur),20.2
2002-07-15,,FUR. 800,Lanka Fuel Oil Super (800),20.9
2002-07-15,,LAD,Lanka Auto Diesel,27.5
2002-07-15,,LIK,Lanka Industrial Kerosene,22.8
2002-07-15,,LK,Lanka Kerosene,20.5
2002-07-15,,LP 92,Lanka Petrol 92 Octane,47.5
2002-07-15,,LP 95,Lanka Petrol 95 Octane Euro 4,50.5
2002-07-15,,LSD,Lanka Super Diesel 4 Star Euro 4,32.8
2002-07-29,,FUR. 1500 (Low),Lanka Fuel Oil 1500 Sec (Low Sulphur),20.2
2002-07-29,,FUR. 800,Lanka Fuel Oil Super (800),20.9
2002-07-29,,LAD,Lanka Auto Diesel,27.5
2002-07-29,,LIK,Lanka Industrial Kerosene,22.7
2002-07-29,,LK,Lanka Kerosene,20.4
2002-07-29,,LP 92,Lanka Petrol 92 Octane,47.5
2002-07-29,,LP 95,Lanka Petrol 95 Octane Euro 4,50.5
2002-07-29,,LSD,Lanka Super Diesel 4 Star Euro 4,32.8
2002-08-15,,FUR. 1500 (Low),Lanka Fuel Oil 1500 Sec (Low Sulphur),21.2
2002-08-15,,FUR. 800,Lanka Fuel Oil Super (800),21.9
2002-08-15,,LAD,Lanka Auto Diesel,28
2002-08-15,,LIK,Lanka Industrial Kerosene,23.3
2002-08-15,,LK,Lanka Kerosene,21
2002-08-15,,LP 92,Lanka Petrol 92 Octane,47.5
2002-08-15,,LP 95,Lanka Petrol 95 Octane Euro 4,50.5
2002-08-15,,LSD,Lanka Super Diesel 4 Star Euro 4,33.3
2002-09-16,,FUR. 1500 (Low),Lanka Fuel Oil 1500 Sec (Low Sulphur),21.9
2002-09-16,,FUR. 800,Lanka Fuel Oil Super (800),23
2002-09-16,,LAD,Lanka Auto Diesel,28.5
2002-09-16,,LIK,Lanka Industrial Kerosene,24.3
2002-09-16,,LK,Lanka Kerosene,22
2002-09-16,,LP 92,Lanka Petrol 92 Octane,47.5
2002-09-16,,LP 95,Lanka Petrol 95 Octane Euro 4,50.5
2002-09-16,,LSD,Lanka Super Diesel 4 Star Euro 4,33.8
2002-10-15,,FUR. 1500 (Low),Lanka Fuel Oil 1500 Sec (Low Sulphur),23
2002-10-15,,FUR. 800,Lanka Fuel Oil Super (800),24.1
2002-10-15,,LAD,Lanka Auto Diesel,30
2002-10-15,,LIK,Lanka Industrial Kerosene,26.3
2002-10-15,,LK,Lanka Kerosene,24
2002-10-15,,LP 92,Lanka Petrol 92 Octane,49
2002-10-15,,LP 95,Lanka Petrol 95 Octane Euro 4,52
2002-10-15,,LSD,Lanka Super Diesel 4 Star Euro 4,35.3
2002-12-16,,FUR. 1500 (Low),Lanka Fuel Oil 1500 Sec (Low Sulphur),20.7
2002-12-16,,FUR. 800,Lanka Fuel Oil Super (800),21.9
2002-12-16,,LAD,Lanka Auto Diesel,30
2002-12-16,,LIK,Lanka Industrial Kerosene,26.3
2002-12-16,,LK,Lanka Kerosene,24
2002-12-16,,LP 92,Lanka Petrol 92 Octane,49
2002-12-16,,LP 95,Lanka Petrol 95 Octane Euro 4,52
2002-12-16,,LSD,Lanka Super Diesel 4 Star Euro 4,35.3
2003-01-16,,FUR. 1500 (Low),Lanka Fuel Oil 1500 Sec (Low Sulphur),22.7
2003-01-16,,FUR. 800,Lanka Fuel Oil Super (800),23.7
2003-01-16,,LAD,Lanka Auto Diesel,30
2003-01-16,,LIK,Lanka Industrial Kerosene,26.3
2003-01-16,,LK,Lanka Kerosene,24
2003-01-16,,LP 92,Lanka Petrol 92 Octane,49
2003-01-16,,LP 95,Lanka Petrol 95 Octane Euro 4,52
2003-01-16,,LSD,Lanka Super Diesel 4 Star Euro 4,35.3
2003-02-14,,FUR. 1500 (Low),Lanka Fuel Oil 1500 Sec (Low Sulphur),24.7
2003-02-14,,FUR. 800,Lanka Fuel Oil Super (800),25.6
2003-02-14,,LAD,Lanka Auto Diesel,30
2003-02-14,,LIK,Lanka Industrial Kerosene,26.3
2003-02-14,,LK,Lanka Kerosene,24
2003-02-14,,LP 92,Lanka Petrol 92 Octane,51
2003-02-14,,LP 95,Lanka Petrol 95 Octane Euro 4,54
2003-02-14,,LSD,Lanka Super Diesel 4 Star Euro 4,35.3
2003-03-26,,FUR. 1500 (Low),Lanka Fuel Oil 1500 Sec (Low Sulphur),25.7
2003-03-26,,FUR. 800,Lanka Fuel Oil Super (800),26.6
2003-03-26,,LAD,Lanka Auto Diesel,30
2003-03-26,,LIK,Lanka Industrial Kerosene,26.3
2003-03-26,,LK,Lanka Kerosene,24
2003-03-26,,LP 92,Lanka Petrol 92 Octane,53
2003-03-26,,LP 95,Lanka Petrol 95 Octane Euro 4,56
2003-03-26,,LSD,Lanka Super Diesel 4 Star Euro 4,35.3
2003-04-25,,FUR. 1500 (Low),Lanka Fuel Oil 1500 Sec (Low Sulphur),25.7
2003-04-25,,FUR. 800,Lanka Fuel Oil Super (800),26.6
2003-04-25,,LAD,Lanka Auto Diesel,30
2003-04-25,,LIK,Lanka Industrial Kerosene,26.3
2003-04-25,,LK,Lanka Kerosene,24
2003-04-25,,LP 92,Lanka Petrol 92 Octane,54
2003-04-25,,LP 95,Lanka Petrol 95 Octane Euro 4,57
2003-04-25,,LSD,Lanka Super Diesel 4 Star Euro 4,35.3
2003-05-20,,FUR. 1500 (Low),Lanka Fuel Oil 1500 Sec (Low Sulphur),25.7
2003-05-20,,FUR. 800,Lanka Fuel Oil Super (800),26.6
2003-05-20,,LAD,Lanka Auto Diesel,30
2003-05-20,,LIK,Lanka Industrial Kerosene,26.3
2003-05-20,,LK,Lanka Kerosene,24
2003-05-20,,LP 92,Lanka Petrol 92 Octane,52
2003-05-20,,LP 95,Lanka Petrol 95 Octane Euro 4,55
2003-05-20,,LSD,Lanka Super Diesel 4 Star Euro 4,35.3
2003-06-30,,FUR. 1500 (Low),Lanka Fuel Oil 1500 Sec (Low Sulphur),22.2
2003-06-30,,FUR. 800,Lanka Fuel Oil Super (800),23.1
2003-06-30,,LAD,Lanka Auto Diesel,30
2003-06-30,,LIK,Lanka Industrial Kerosene,26.3
2003-06-30,,LK,Lanka Kerosene,24
2003-06-30,,LP 92,Lanka Petrol 92 Octane,52
2003-06-30,,LP 95,Lanka Petrol 95 Octane Euro 4,55
2003-06-30,,LSD,Lanka Super Diesel 4 Star Euro 4,35.3
2003-08-07,,FUR. 1500 (Low),Lanka Fuel Oil 1500 Sec (Low Sulphur),24.2
2003-08-07,,FUR. 800,Lanka Fuel Oil Super (800),24.9
2003-08-07,,LAD,Lanka Auto Diesel,30
2003-08-07,,LIK,Lanka Industrial Kerosene,26.3
2003-08-07,,LK,Lanka Kerosene,24
2003-08-07,,LP 92,Lanka Petrol 92 Octane,52
2003-08-07,,LP 95,Lanka Petrol 95 Octane Euro 4,55
2003-08-07,,LSD,Lanka Super Diesel 4 Star Euro 4,35.3
2003-09-04,,FUR. 1500 (Low),Lanka Fuel Oil 1500 Sec (Low Sulphur),23.1
2003-09-04,,FUR. 800,Lanka Fuel Oil Super (800),24.3
2003-09-04,,LAD,Lanka Auto Diesel,31.5
2003-09-04,,LIK,Lanka Industrial Kerosene,27.3
2003-09-04,,LK,Lanka Kerosene,25
2003-09-04,,LP 92,Lanka Petrol 92 Octane,54
2003-09-04,,LP 95,Lanka Petrol 95 Octane Euro 4,57
2003-09-04,,LSD,Lanka Super Diesel 4 Star Euro 4,36.8
2003-10-05,,FUR. 1500 (Low),Lanka Fuel Oil 1500 Sec (Low Sulphur),21.8
2003-10-05,,FUR. 800,Lanka Fuel Oil Super (800),23.1
2003-10-05,,LAD,Lanka Auto Diesel,30.5
2003-10-05,,LIK,Lanka Industrial Kerosene,25.3
2003-10-05,,LK,Lanka Kerosene,23
2003-10-05,,LP 92,Lanka Petrol 92 Octane,52
2003-10-05,,LP 95,Lanka Petrol 95 Octane Euro 4,55
2003-10-05,,LSD,Lanka Super Diesel 4 Star Euro 4,35.8
2003-11-11,,FUR. 1500 (Low),Lanka Fuel Oil 1500 Sec (Low Sulphur),22.2
2003-11-11,,FUR. 800,Lanka Fuel Oil Super (800),23.5
2003-11-11,,LAD,Lanka Auto Diesel,31
2003-11-11,,LIK,Lanka Industrial Kerosene,25.8
2003-11-11,,LK,Lanka Kerosene,23.5
2003-11-11,,LP 92,Lanka Petrol 92 Octane,53
2003-11-11,,LP 95,Lanka Petrol 95 Octane Euro 4,56
2003-11-11,,LSD,Lanka Super Diesel 4 Star Euro 4,36.3
2003-12-04,,FUR. 1500 (Low),Lanka Fuel Oil 1500 Sec (Low Sulphur),22.3
2003-12-04,,FUR. 800,Lanka Fuel Oil Super (800),23.7
2003-12-04,,LAD,Lanka Auto Diesel,32
2003-12-04,,LIK,Lanka Industrial Kerosene,27.8
2003-12-04,,LK,Lanka Kerosene,25.5
2003-12-04,,LP 92,Lanka Petrol 92 Octane,53
2003-12-04,,LP 95,Lanka Petrol 95 Octane Euro 4,56
2003-12-04,,LSD,Lanka Super Diesel 4 Star Euro 4,37.3
2004-01-25,,FUR. 1500 (Low),Lanka Fuel Oil 1500 Sec (Low Sulphur),22.3
2004-01-25,,FUR. 800,Lanka Fuel Oil Super (800),23.7
2004-01-25,,LAD,Lanka Auto Diesel,32
2004-01-25,,LIK,Lanka Industrial Kerosene,27.8
2004-01-25,,LK,Lanka Kerosene,25.5
2004-01-25,,LP 92,Lanka Petrol 92 Octane,55
2004-01-25,,LP 95,Lanka Petrol 95 Octane Euro 4,58
2004-01-25,,LSD,Lanka Super Diesel 4 Star Euro 4,37.5
2004-02-12,,FUR. 1500 (Low),Lanka Fuel Oil 1500 Sec (Low Sulphur),23.3
2004-02-12,,FUR. 800,Lanka Fuel Oil Super (800),24.7
2004-02-12,,LAD,Lanka Auto Diesel,32
2004-02-12,,LIK,Lanka Industrial Kerosene,27.8
2004-02-12,,LK,Lanka Kerosene,25.5
2004-02-12,,LP 92,Lanka Petrol 92 Octane,57
2004-02-12,,LP 95,Lanka Petrol 95 Octane Euro 4,60
2004-02-12,,LSD,Lanka Super Diesel 4 Star Euro 4,37.5
2004-07-23,,FUR. 1500 (Low),Lanka Fuel Oil 1500 Sec (Low Sulphur),23.3
2004-07-23,,FUR. 800,Lanka Fuel Oil Super (800),24.7
2004-07-23,,LAD,Lanka Auto Diesel,32
2004-07-23,,LIK,Lanka Industrial Kerosene,27.8
2004-07-23,,LK,Lanka Kerosene,25.5
2004-07-23,,LP 92,Lanka Petrol 92 Octane,65
2004-07-23,,LP 95,Lanka Petrol 95 Octane Euro 4,68
2004-07-23,,LSD,Lanka Super Diesel 4 Star Euro 4,37.5
2004-08-13,,FUR. 1500 (Low),Lanka Fuel Oil 1500 Sec (Low Sulphur),24.3
2004-08-13,,FUR. 800,Lanka Fuel Oil Super (800),25.2
2004-08-13,,LAD,Lanka Auto Diesel,36
2004-08-13,,LIK,Lanka Industrial Kerosene,27.8
2004-08-13,,LK,Lanka Kerosene,25.5
2004-08-13,,LP 92,Lanka Petrol 92 Octane,68
2004-08-13,,LP 95,Lanka Petrol 95 Octane Euro 4,71
2004-08-13,,LSD,Lanka Super Diesel 4 Star Euro 4,41.3
2004-09-25,,FUR. 1500 (Low),Lanka Fuel Oil 1500 Sec (Low Sulphur),24.3
2004-09-25,,FUR. 800,Lanka Fuel Oil Super (800),25.2
2004-09-25,,LAD,Lanka Auto Diesel,44
2004-09-25,,LIK,Lanka Industrial Kerosene,27.8
2004-09-25,,LK,Lanka Kerosene,25.5
2004-09-25,,LP 92,Lanka Petrol 92 Octane,70
2004-09-25,,LP 95,Lanka Petrol 95 Octane Euro 4,73
2004-09-25,,LSD,Lanka Super Diesel 4 Star Euro 4,49.3
2005-05-05,,FUR. 1500 (Low),Lanka Fuel Oil 1500 Sec (Low Sulphur),28.3
2005-05-05,,FUR. 800,Lanka Fuel Oil Super (800),30.3
2005-05-05,,LAD,Lanka Auto Diesel,46
2005-05-05,,LIK,Lanka Industrial Kerosene,30.8
2005-05-05,,LK,Lanka Kerosene,28.5
2005-05-05,,LP 92,Lanka Petrol 92 Octane,74
2005-05-05,,LP 95,Lanka Petrol 95 Octane Euro 4,77
2005-05-05,,LSD,Lanka Super Diesel 4 Star Euro 4,51.3
2005-06-06,,FUR. 1500 (Low),Lanka Fuel Oil 1500 Sec (Low Sulphur),30.3
2005-06-06,,FUR. 800,Lanka Fuel Oil Super (800),32.8
2005-06-06,,LAD,Lanka Auto Diesel,50
2005-06-06,,LIK,Lanka Industrial Kerosene,32.8
2005-06-06,,LK,Lanka Kerosene,30.5
2005-06-06,,LP 92,Lanka Petrol 92 Octane,80
2005-06-06,,LP 95,Lanka Petrol 95 Octane Euro 4,83
2005-06-06,,LSD,Lanka Super Diesel 4 Star Euro 4,55.3
2006-04-16,,FUR. 1500 (Low),Lanka Fuel Oil 1500 Sec (Low Sulphur),38.3
2006-04-16,,FUR. 800,Lanka Fuel Oil Super (800),40.8
2006-04-16,,LAD,Lanka Auto Diesel,58
2006-04-16,,LIK,Lanka Industrial Kerosene,40.8
2006-04-16,,LK,Lanka Kerosene,38.5
2006-04-16,,LP 92,Lanka Petrol 92 Octane,88
2006-04-16,,LP 95,Lanka Petrol 95 Octane Euro 4,91
2006-04-16,,LSD,Lanka Super Diesel 4 Star Euro 4,63.3
2006-06-11,,FUR. 1500 (Low),Lanka Fuel Oil 1500 Sec (Low Sulphur),43.3
2006-06-11,,FUR. 800,Lanka Fuel Oil Super (800),45.8
2006-06-11,,LAD,Lanka Auto Diesel,61
2006-06-11,,LIK,Lanka Industrial Kerosene,45.8
2006-06-11,,LK,Lanka Kerosene,43.5
2006-06-11,,LP 92,Lanka Petrol 92 Octane,93
2006-06-11,,LP 95,Lanka Petrol 95 Octane Euro 4,96
2006-06-11,,LSD,Lanka Super Diesel 4 Star Euro 4,68.3
2006-08-02,,FUR. 1500 (Low),Lanka Fuel Oil 1500 Sec (Low Sulphur),45.3
2006-08-02,,FUR. 800,Lanka Fuel Oil Super (800),47.8
2006-08-02,,LAD,Lanka Auto Diesel,64
2006-08-02,,LIK,Lanka Industrial Kerosene,47.8
2006-08-02,,LK,Lanka Kerosene,45.5
2006-08-02,,LP 92,Lanka Petrol 92 Octane,96
2006-08-02,,LP 95,Lanka Petrol 95 Octane Euro 4,99
2006-08-02,,LSD,Lanka Super Diesel 4 Star Euro 4,69.3
2006-10-26,,FUR. 1500 (Low),Lanka Fuel Oil 1500 Sec (Low Sulphur),43.3
2006-10-26,,FUR. 800,Lanka Fuel Oil Super (800),45.8
2006-10-26,,LAD,Lanka Auto Diesel,60
2006-10-26,,LIK,Lanka Industrial Kerosene,50.3
2006-10-26,,LK,Lanka Kerosene,48
2006-10-26,,LP 92,Lanka Petrol 92 Octane,92
2006-10-26,,LP 95,Lanka Petrol 95 Octane Euro 4,95
2006-10-26,,LSD,Lanka Super Diesel 4 Star Euro 4,65.3
2006-12-27,,FUR. 1500 (Low),Lanka Fuel Oil 1500 Sec (Low Sulphur),43.3
2006-12-27,,FUR. 800,Lanka Fuel Oil Super (800),45.8
2006-12-27,,LAD,Lanka Auto Diesel,60
2006-12-27,,LIK,Lanka Industrial Kerosene,58.3
2006-12-27,,LK,Lanka Kerosene,48
2006-12-27,,LP 92,Lanka Petrol 92 Octane,92
2006-12-27,,LP 95,Lanka Petrol 95 Octane Euro 4,95
2006-12-27,,LSD,Lanka Super Diesel 4 Star Euro 4,65.3
2007-01-01,,FUR. 1500 (Low),Lanka Fuel Oil 1500 Sec (Low Sulphur),37.7
2007-01-01,,FUR. 800,Lanka Fuel Oil Super (800),45.8
2007-01-01,,LAD,Lanka Auto Diesel,60
2007-01-01,,LIK,Lanka Industrial Kerosene,58.3
2007-01-01,,LK,Lanka Kerosene,48
2007-01-01,,LP 92,Lanka Petrol 92 Octane,92
2007-01-01,,LP 95,Lanka Petrol 95 Octane Euro 4,95
2007-01-01,,LSD,Lanka Super Diesel 4 Star Euro 4,65.3
2007-01-05,,FUR. 1500 (Low),Lanka Fuel Oil 1500 Sec (Low Sulphur),37.7
2007-01-05,,FUR. 800,Lanka Fuel Oil Super (800),45.8
2007-01-05,,LAD,Lanka Auto Diesel,60
2007-01-05,,LIK,Lanka Industrial Kerosene,58.3
2007-01-05,,LK,Lanka Kerosene,48
2007-01-05,,LP 92,Lanka Petrol 92 Octane,100
2007-01-05,,LP 95,Lanka Petrol 95 Octane Euro 4,97
2007-01-05,,LSD,Lanka Super Diesel 4 Star Euro 4,65.3
2007-04-19,,FUR. 1500 (Low),Lanka Fuel Oil 1500 Sec (Low Sulphur),37.3
2007-04-19,,FUR. 800,Lanka Fuel Oil Super (800),39.9
2007-04-19,,LAD,Lanka Auto Diesel,63
2007-04-19,,LIK,Lanka Industrial Kerosene,60.3
2007-04-19,,LK,Lanka Kerosene,48
2007-04-19,,LP 92,Lanka Petrol 92 Octane,104
2007-04-19,,LP 95,Lanka Petrol 95 Octane Euro 4,107
2007-04-19,,LSD,Lanka Super Diesel 4 Star Euro 4,68.3
2007-04-28,,FUR. 1500 (Low),Lanka Fuel Oil 1500 Sec (Low Sulphur),37.3
2007-04-28,,FUR. 800,Lanka Fuel Oil Super (800),39.9
2007-04-28,,LAD,Lanka Auto Diesel,65
2007-04-28,,LIK,Lanka Industrial Kerosene,60.3
2007-04-28,,LK,Lanka Kerosene,50
2007-04-28,,LP 92,Lanka Petrol 92 Octane,105
2007-04-28,,LP 95,Lanka Petrol 95 Octane Euro 4,108
2007-04-28,,LSD,Lanka Super Diesel 4 Star Euro 4,70.3
2007-05-12,,FUR. 1500 (Low),Lanka Fuel Oil 1500 Sec (Low Sulphur),43.7
2007-05-12,,FUR. 800,Lanka Fuel Oil Super (800),45.9
2007-05-12,,LAD,Lanka Auto Diesel,67
2007-05-12,,LIK,Lanka Industrial Kerosene,61.3
2007-05-12,,LK,Lanka Kerosene,51
2007-05-12,,LP 92,Lanka Petrol 92 Octane,106
2007-05-12,,LP 95,Lanka Petrol 95 Octane Euro 4,109
2007-05-12,,LSD,Lanka Super Diesel 4 Star Euro 4,72.3
2007-06-30,,FUR. 1500 (Low),Lanka Fuel Oil 1500 Sec (Low Sulphur),47.7
2007-06-30,,FUR. 800,Lanka Fuel Oil Super (800),49.9
2007-06-30,,LAD,Lanka Auto Diesel,71
2007-06-30,,LIK,Lanka Industrial Kerosene,68
2007-06-30,,LK,Lanka Kerosene,67
2007-06-30,,LP 92,Lanka Petrol 92 Octane,111
2007-06-30,,LP 95,Lanka Petrol 95 Octane Euro 4,114
2007-06-30,,LSD,Lanka Super Diesel 4 Star Euro 4,76.3
2007-07-29,,FUR. 1500 (Low),Lanka Fuel Oil 1500 Sec (Low Sulphur),51.7
2007-07-29,,FUR. 800,Lanka Fuel Oil Super (800),53.9
2007-07-29,,LAD,Lanka Auto Diesel,75
2007-07-29,,LIK,Lanka Industrial Kerosene,69
2007-07-29,,LK,Lanka Kerosene,68
2007-07-29,,LP 92,Lanka Petrol 92 Octane,117
2007-07-29,,LP 95,Lanka Petrol 95 Octane Euro 4,120
2007-07-29,,LSD,Lanka Super Diesel 4 Star Euro 4,80.3
2008-01-14,,FUR. 1500 (Low),Lanka Fuel Oil 1500 Sec (Low Sulphur),61.7
2008-01-14,,FUR. 800,Lanka Fuel Oil Super (800),63.9
2008-01-14,,LAD,Lanka Auto Diesel,80
2008-01-14,,LIK,Lanka Industrial Kerosene,75
2008-01-14,,LK,Lanka Kerosene,70
2008-01-14,,LP 92,Lanka Petrol 92 Octane,127
2008-01-14,,LP 95,Lanka Petrol 95 Octane Euro 4,130
2008-01-14,,LSD,Lanka Super Diesel 4 Star Euro 4,85.3
2008-05-25,,FUR. 1500 (Low),Lanka Fuel Oil 1500 Sec (Low Sulphur),61.7
2008-05-25,,FUR. 800,Lanka Fuel Oil Super (800),63.9
2008-05-25,,LAD,Lanka Auto Diesel,110
2008-05-25,,LIK,Lanka Industrial Kerosene,85
2008-05-25,,LK,Lanka Kerosene,80
2008-05-25,,LP 92,Lanka Petrol 92 Octane,157
2008-05-25,,LP 95,Lanka Petrol 95 Octane Euro 4,170
2008-05-25,,LSD,Lanka Super Diesel 4 Star Euro 4,125.3
2008-11-07,,FUR. 1500 (Low),Lanka Fuel Oil 1500 Sec (Low Sulphur),51.7
2008-11-07,,FUR. 800,Lanka Fuel Oil Super (800),53.9
2008-11-07,,LAD,Lanka Auto Diesel,80
2008-11-07,,LIK,Lanka Industrial Kerosene,65
2008-11-07,,LK,Lanka Kerosene,60
2008-11-07,,LP 92,Lanka Petrol 92 Octane,142
2008-11-07,,LP 95,Lanka Petrol 95 Octane Euro 4,155
2008-11-07,,LSD,Lanka Super Diesel 4 Star Euro 4,95.3
2008-12-06,,FUR. 1500 (Low),Lanka Fuel Oil 1500 Sec (Low Sulphur),51.7
2008-12-06,,LAD,Lanka Auto Diesel,80
2008-12-06,,LIK,Lanka Industrial Kerosene,65
2008-12-06,,LK,Lanka Kerosene,60
2008-12-06,,LP 92,Lanka Petrol 92 Octane,122
2008-12-06,,LP 95,Lanka Petrol 95 Octane Euro 4,135
2008-12-06,,LSD,Lanka Super Diesel 4 Star Euro 4,95.3
2008-12-30,,FUR. 1500 (Low),Lanka Fuel Oil 1500 Sec (Low Sulphur),25
2008-12-30,,FUR. 800,Lanka Fuel Oil Super (800),33.9
2008-12-30,,LAD,Lanka Auto Diesel,70
2008-12-30,,LIK,Lanka Industrial Kerosene,55
2008-12-30,,LK,Lanka Kerosene,50
2008-12-30,,LP 92,Lanka Petrol 92 Octane,120
2008-12-30,,LP 95,Lanka Petrol 95 Octane Euro 4,133
2008-12-30,,LSD,Lanka Super Diesel 4 Star Euro 4,85.3
2009-07-02,,FUR. 1500 (Low),Lanka Fuel Oil 1500 Sec (Low Sulphur),32.7
2009-07-02,,FUR. 800,Lanka Fuel Oil Super (800),34.9
2009-07-02,,LAD,Lanka Auto Diesel,73
2009-07-02,,LIK,Lanka Industrial Kerosene,56
2009-07-02,,LK,Lanka Kerosene,51
2009-07-02,,LP 92,Lanka Petrol 92 Octane,130
2009-07-02,,LP 95,Lanka Petrol 95 Octane Euro 4,148
2009-07-02,,LSD,Lanka Super Diesel 4 Star Euro 4,88.3
2009-12-29,,FUR. 1500 (Low),Lanka Fuel Oil 1500 Sec (Low Sulphur),32.7
2009-12-29,,FUR. 800,Lanka Fuel Oil Super (800),32.9
2009-12-29,,LAD,Lanka Auto Diesel,73
2009-12-29,,LIK,Lanka Industrial Kerosene,56
2009-12-29,,LK,Lanka Kerosene,51
2009-12-29,,LP 92,Lanka Petrol 92 Octane,115
2009-12-29,,LP 95,Lanka Petrol 95 Octane Euro 4,133
2009-12-29,,LSD,Lanka Super Diesel 4 Star Euro 4,88.3
2010-09-01,,FUR. 1500 (Low),Lanka Fuel Oil 1500 Sec (Low Sulphur),40
2010-09-01,,FUR. 800,Lanka Fuel Oil Super (800),42.2
2010-09-01,,LAD,Lanka Auto Diesel,73
2010-09-01,,LIK,Lanka Industrial Kerosene,56
2010-09-01,,LK,Lanka Kerosene,51
2010-09-01,,LP 92,Lanka Petrol 92 Octane,115
2010-09-01,,LP 95,Lanka Petrol 95 Octane Euro 4,133
2010-09-01,,LSD,Lanka Super Diesel 4 Star Euro 4,88.3
2011-04-01,,FUR. 1500 (Low),Lanka Fuel Oil 1500 Sec (Low Sulphur),50
2011-04-01,,FUR. 800,Lanka Fuel Oil Super (800),52.2
2011-04-01,,LAD,Lanka Auto Diesel,76
2011-04-01,,LIK,Lanka Industrial Kerosene,66
2011-04-01,,LK,Lanka Kerosene,61
2011-04-01,,LP 92,Lanka Petrol 92 Octane,125
2011-04-01,,LP 95,Lanka Petrol 95 Octane Euro 4,143
2011-04-01,,LSD,Lanka Super Diesel 4 Star Euro 4,98.3
2011-10-30,,FUR. 1500 (Low),Lanka Fuel Oil 1500 Sec (Low Sulphur),50
2011-10-30,,FUR. 800,Lanka Fuel Oil Super (800),52.2
2011-10-30,,LAD,Lanka Auto Diesel,84
2011-10-30,,LIK,Lanka Industrial Kerosene,76
2011-10-30,,LK,Lanka Kerosene,71
2011-10-30,,LP 92,Lanka Petrol 92 Octane,137
2011-10-30,,LP 95,Lanka Petrol 95 Octane Euro 4,155
2011-10-30,,LSD,Lanka Super Diesel 4 Star Euro 4,106.3
2012-02-12,,FUR. 1500 (Low),Lanka Fuel Oil 1500 Sec (Low Sulphur),90
2012-02-12,,FUR. 800,Lanka Fuel Oil Super (800),92.2
2012-02-12,,LAD,Lanka Auto Diesel,115
2012-02-12,,LIK,Lanka Industrial Kerosene,111
2012-02-12,,LK,Lanka Kerosene,106
2012-02-12,,LP 92,Lanka Petrol 92 Octane,149
2012-02-12,,LP 95,Lanka Petrol 95 Octane Euro 4,167
2012-02-12,,LSD,Lanka Super Diesel 4 Star Euro 4,142
2012-12-14,,FUR. 1500 (Low),Lanka Fuel Oil 1500 Sec (Low Sulphur),90
2012-12-14,,FUR. 800,Lanka Fuel Oil Super (800),92.2
2012-12-14,,LAD,Lanka Auto Diesel,115
2012-12-14,,LIK,Lanka Industrial Kerosene,111
2012-12-14,,LK,Lanka Kerosene,106
2012-12-14,,LP 92,Lanka Petrol 92 Octane,159
2012-12-14,,LP 95,Lanka Petrol 95 Octane Euro 4,167
2012-12-14,,LSD,Lanka Super Diesel 4 Star Euro 4,142
2013-02-23,,FUR. 1500 (Low),Lanka Fuel Oil 1500 Sec (Low Sulphur),90
2013-02-23,,FUR. 800,Lanka Fuel Oil Super (800),92.2
2013-02-23,,LAD,Lanka Auto Diesel,121
2013-02-23,,LIK,Lanka Industrial Kerosene,115
2013-02-23,,LK,Lanka Kerosene,106
2013-02-23,,LP 92,Lanka Petrol 92 Octane,162
2013-02-23,,LP 95,Lanka Petrol 95 Octane Euro 4,170
2013-02-23,,LSD,Lanka Super Diesel 4 Star Euro 4,145
2014-09-17,,FUR. 1500 (Low),Lanka Fuel Oil 1500 Sec (Low Sulphur),90
2014-09-17,,FUR. 800,Lanka Fuel Oil Super (800),92.2
2014-09-17,,LAD,Lanka Auto Diesel,118
2014-09-17,,LIK,Lanka Industrial Kerosene,115
2014-09-17,,LK,Lanka Kerosene,86
2014-09-17,,LP 92,Lanka Petrol 92 Octane,157
2014-09-17,,LP 95,Lanka Petrol 95 Octane Euro 4,165
2014-09-17,,LSD,Lanka Super Diesel 4 Star Euro 4,140
2014-12-05,,FUR. 1500 (Low),Lanka Fuel Oil 1500 Sec (Low Sulphur),90
2014-12-05,,FUR. 800,Lanka Fuel Oil Super (800),92.2
2014-12-05,,LAD,Lanka Auto Diesel,111
2014-12-05,,LIK,Lanka Industrial Kerosene,110
2014-12-05,,LK,Lanka Kerosene,81
2014-12-05,,LP 92,Lanka Petrol 92 Octane,150
2014-12-05,,LP 95,Lanka Petrol 95 Octane Euro 4,158
2014-12-05,,LSD,Lanka Super Diesel 4 Star Euro 4,133
2015-01-01,,FUR 1500 (High),Lanka Fuel Oil 1500 Sec (High Sulphur),80
2015-01-01,,FUR. 1500 (Low),Lanka Fuel Oil 1500 Sec (Low Sulphur),90
2015-01-01,,FUR. 800,Lanka Fuel Oil Super (800),82.2
2015-01-01,,LAD,Lanka Auto Diesel,111
2015-01-01,,LIK,Lanka Industrial Kerosene,110
2015-01-01,,LK,Lanka Kerosene,81
2015-01-01,,LP 92,Lanka Petrol 92 Octane,150
2015-01-01,,LP 95,Lanka Petrol 95 Octane Euro 4,158
2015-01-01,,LSD,Lanka Super Diesel 4 Star Euro 4,133
2015-01-22,,FUR 1500 (High),Lanka Fuel Oil 1500 Sec (High Sulphur),80
2015-01-22,,FUR. 1500 (Low),Lanka Fuel Oil 1500 Sec (Low Sulphur),90
2015-01-22,,FUR. 800,Lanka Fuel Oil Super (800),82.2
2015-01-22,,LAD,Lanka Auto Diesel,95
2015-01-22,,LIK,Lanka Industrial Kerosene,94
2015-01-22,,LK,Lanka Kerosene,65
2015-01-22,,LP 92,Lanka Petrol 92 Octane,117
2015-01-22,,LP 95,Lanka Petrol 95 Octane Euro 4,128
2015-01-22,,LSD,Lanka Super Diesel 4 Star Euro 4,110
2015-01-29,,FUR 1500 (High),Lanka Fuel Oil 1500 Sec (High Sulphur),80
2015-01-29,,FUR. 1500 (Low),Lanka Fuel Oil 1500 Sec (Low Sulphur),90
2015-01-29,,FUR. 800,Lanka Fuel Oil Super (800),82.2
2015-01-29,,LAD,Lanka Auto Diesel,95
2015-01-29,,LIK,Lanka Industrial Kerosene,88
2015-01-29,,LK,Lanka Kerosene,59
2015-01-29,,LP 92,Lanka Petrol 92 Octane,117
2015-01-29,,LP 95,Lanka Petrol 95 Octane Euro 4,128
2015-01-29,,LSD,Lanka Super Diesel 4 Star Euro 4,110
2015-11-28,,FUR 1500 (High),Lanka Fuel Oil 1500 Sec (High Sulphur),80
2015-11-28,,FUR. 1500 (Low),Lanka Fuel Oil 1500 Sec (Low Sulphur),90
2015-11-28,,FUR. 800,Lanka Fuel Oil Super (800),82.2
2015-11-28,,LAD,Lanka Auto Diesel,95
2015-11-28,,LIK,Lanka Industrial Kerosene,88
2015-11-28,,LK,Lanka Kerosene,49
2015-11-28,,LP 92,Lanka Petrol 92 Octane,117
2015-11-28,,LP 95,Lanka Petrol 95 Octane Euro 4,128
2015-11-28,,LSD,Lanka Super Diesel 4 Star Euro 4,110
2017-01-11,,FUR 1500 (High),Lanka Fuel Oil 1500 Sec (High Sulphur),80
2017-01-11,,FUR. 1500 (Low),Lanka Fuel Oil 1500 Sec (Low Sulphur),90
2017-01-11,,FUR. 800,Lanka Fuel Oil Super (800),82.2
2017-01-11,,LAD,Lanka Auto Diesel,95
2017-01-11,,LIK,Lanka Industrial Kerosene,88
2017-01-11,,LK,Lanka Kerosene,44
2017-01-11,,LP 92,Lanka Petrol 92 Octane,117
2017-01-11,,LP 95,Lanka Petrol 95 Octane Euro 4,128
2017-01-11,,LSD,Lanka Super Diesel 4 Star Euro 4,110
2018-05-11,,FUR 1500 (High),Lanka Fuel Oil 1500 Sec (High Sulphur),80
2018-05-11,,FUR. 1500 (Low),Lanka Fuel Oil 1500 Sec (Low Sulphur),90
2018-05-11,,FUR. 800,Lanka Fuel Oil Super (800),82.2
2018-05-11,,LAD,Lanka Auto Diesel,109
2018-05-11,,LIK,Lanka Industrial Kerosene,110
2018-05-11,,LK,Lanka Kerosene,101
2018-05-11,,LP 92,Lanka Petrol 92 Octane,137
2018-05-11,,LP 95,Lanka Petrol 95 Octane Euro 4,148
2018-05-11,,LSD,Lanka Super Diesel 4 Star Euro 4,119
2018-06-13,,FUR 1500 (High),Lanka Fuel Oil 1500 Sec (High Sulphur),80
2018-06-13,,FUR. 1500 (Low),Lanka Fuel Oil 1500 Sec (Low Sulphur),90
2018-06-13,,FUR. 800,Lanka Fuel Oil Super (800),82.2
2018-06-13,,LAD,Lanka Auto Diesel,109
2018-06-13,,LIK,Lanka Industrial Kerosene,110
2018-06-13,,LK,Lanka Kerosene,70
2018-06-13,,LP 92,Lanka Petrol 92 Octane,137
2018-06-13,,LP 95,Lanka Petrol 95 Octane Euro 4,148
2018-06-13,,LSD,Lanka Super Diesel 4 Star Euro 4,119
2018-07-11,,FUR 1500 (High),Lanka Fuel Oil 1500 Sec (High Sulphur),80
2018-07-11,,FUR. 1500 (Low),Lanka Fuel Oil 1500 Sec (Low Sulphur),90
2018-07-11,,FUR. 800,Lanka Fuel Oil Super (800),82.2
2018-07-11,,LAD,Lanka Auto Diesel,118
2018-07-11,,LIK,Lanka Industrial Kerosene,110
2018-07-11,,LK,Lanka Kerosene,70
2018-07-11,,LP 92,Lanka Petrol 92 Octane,145
2018-07-11,,LP 95,Lanka Petrol 95 Octane Euro 4,155
2018-07-11,,LSD,Lanka Super Diesel 4 Star Euro 4,129
2018-08-11,,FUR 1500 (High),Lanka Fuel Oil 1500 Sec (High Sulphur),80
2018-08-11,,FUR. 1500 (Low),Lanka Fuel Oil 1500 Sec (Low Sulphur),90
2018-08-11,,FUR. 800,Lanka Fuel Oil Super (800),82.2
2018-08-11,,LAD,Lanka Auto Diesel,118
2018-08-11,,LIK,Lanka Industrial Kerosene,110
2018-08-11,,LK,Lanka Kerosene,70
2018-08-11,,LP 92,Lanka Petrol 92 Octane,145
2018-08-11,,LP 95,Lanka Petrol 95 Octane Euro 4,157
2018-08-11,,LSD,Lanka Super Diesel 4 Star Euro 4,130
2018-09-04,,FUR 1500 (High),Lanka Fuel Oil 1500 Sec (High Sulphur),96
2018-09-04,,FUR. 1500 (Low),Lanka Fuel Oil 1500 Sec (Low Sulphur),96
2018-09-04,,FUR. 800,Lanka Fuel Oil Super (800),92
2018-09-04,,LAD,Lanka Auto Diesel,118
2018-09-04,,LIK,Lanka Industrial Kerosene,110
2018-09-04,,LK,Lanka Kerosene,70
2018-09-04,,LP 92,Lanka Petrol 92 Octane,145
2018-09-04,,LP 95,Lanka Petrol 95 Octane Euro 4,157
2018-09-04,,LSD,Lanka Super Diesel 4 Star Euro 4,130
2018-09-11,,FUR 1500 (High),Lanka Fuel Oil 1500 Sec (High Sulphur),96
2018-09-11,,FUR. 1500 (Low),Lanka Fuel Oil 1500 Sec (Low Sulphur),96
2018-09-11,,FUR. 800,Lanka Fuel Oil Super (800),92
2018-09-11,,LAD,Lanka Auto Diesel,123
2018-09-11,,LIK,Lanka Industrial Kerosene,110
2018-09-11,,LK,Lanka Kerosene,70
2018-09-11,,LP 92,Lanka Petrol 92 Octane,149
2018-09-11,,LP 95,Lanka Petrol 95 Octane Euro 4,161
2018-09-11,,LSD,Lanka Super Diesel 4 Star Euro 4,133
2018-10-11,,FUR 1500 (High),Lanka Fuel Oil 1500 Sec (High Sulphur),96
2018-10-11,,FUR. 1500 (Low),Lanka Fuel Oil 1500 Sec (Low Sulphur),96
2018-10-11,,FUR. 800,Lanka Fuel Oil Super (800),92
2018-10-11,,LAD,Lanka Auto Diesel,123
2018-10-11,,LIK,Lanka Industrial Kerosene,110
2018-10-11,,LK,Lanka Kerosene,70
2018-10-11,,LP 92,Lanka Petrol 92 Octane,155
2018-10-11,,LP 95,Lanka Petrol 95 Octane Euro 4,169
2018-10-11,,LSD,Lanka Super Diesel 4 Star Euro 4,141
2018-11-02,,FUR 1500 (High),Lanka Fuel Oil 1500 Sec (High Sulphur),96
2018-11-02,,FUR. 1500 (Low),Lanka Fuel Oil 1500 Sec (Low Sulphur),96
2018-11-02,,FUR. 800,Lanka Fuel Oil Super (800),92
2018-11-02,,LAD,Lanka Auto Diesel,116
2018-11-02,,LIK,Lanka Industrial Kerosene,110
2018-11-02,,LK,Lanka Kerosene,70
2018-11-02,,LP 92,Lanka Petrol 92 Octane,145
2018-11-02,,LP 95,Lanka Petrol 95 Octane Euro 4,169
2018-11-02,,LSD,Lanka Super Diesel 4 Star Euro 4,141
2018-11-16,,FUR 1500 (High),Lanka Fuel Oil 1500 Sec (High Sulphur),96
2018-11-16,,FUR. 1500 (Low),Lanka Fuel Oil 1500 Sec (Low Sulphur),96
2018-11-16,,FUR. 800,Lanka Fuel Oil Super (800),92
2018-11-16,,LAD,Lanka Auto Diesel,111
2018-11-16,,LIK,Lanka Industrial Kerosene,110
2018-11-16,,LK,Lanka Kerosene,70
2018-11-16,,LP 92,Lanka Petrol 92 Octane,140
2018-11-16,,LP 95,Lanka Petrol 95 Octane Euro 4,164
2018-11-16,,LSD,Lanka Super Diesel 4 Star Euro 4,136
2018-12-01,,FUR 1500 (High),Lanka Fuel Oil 1500 Sec (High Sulphur),96
2018-12-01,,FUR. 1500 (Low),Lanka Fuel Oil 1500 Sec (Low Sulphur),96
2018-12-01,,FUR. 800,Lanka Fuel Oil Super (800),92
2018-12-01,,LAD,Lanka Auto Diesel,106
2018-12-01,,LIK,Lanka Industrial Kerosene,110
2018-12-01,,LK,Lanka Kerosene,70
2018-12-01,,LP 92,Lanka Petrol 92 Octane,135
2018-12-01,,LP 95,Lanka Petrol 95 Octane Euro 4,159
2018-12-01,,LSD,Lanka Super Diesel 4 Star Euro 4,131
2018-12-22,,FUR 1500 (High),Lanka Fuel Oil 1500 Sec (High Sulphur),96
2018-12-22,,FUR. 1500 (Low),Lanka Fuel Oil 1500 Sec (Low Sulphur),96
2018-12-22,,FUR. 800,Lanka Fuel Oil Super (800),92
2018-12-22,,LAD,Lanka Auto Diesel,101
2018-12-22,,LIK,Lanka Industrial Kerosene,110
2018-12-22,,LK,Lanka Kerosene,70
2018-12-22,,LP 92,Lanka Petrol 92 Octane,125
2018-12-22,,LP 95,Lanka Petrol 95 Octane Euro 4,149
2018-12-22,,LSD,Lanka Super Diesel 4 Star Euro 4,121
2019-01-11,,FUR 1500 (High),Lanka Fuel Oil 1500 Sec (High Sulphur),96
2019-01-11,,FUR. 1500 (Low),Lanka Fuel Oil 1500 Sec (Low Sulphur),96
2019-01-11,,FUR. 800,Lanka Fuel Oil Super (800),92
2019-01-11,,LAD,Lanka Auto Diesel,99
2019-01-11,,LIK,Lanka Industrial Kerosene,110
2019-01-11,,LK,Lanka Kerosene,70
2019-01-11,,LP 92,Lanka Petrol 92 Octane,123
2019-01-11,,LP 95,Lanka Petrol 95 Octane Euro 4,147
2019-01-11,,LSD,Lanka Super Diesel 4 Star Euro 4,118
2019-02-12,,FUR 1500 (High),Lanka Fuel Oil 1500 Sec (High Sulphur),96
2019-02-12,,FUR. 1500 (Low),Lanka Fuel Oil 1500 Sec (Low Sulphur),96
2019-02-12,,FUR. 800,Lanka Fuel Oil Super (800),92
2019-02-12,,LAD,Lanka Auto Diesel,103
2019-02-12,,LIK,Lanka Industrial Kerosene,110
2019-02-12,,LK,Lanka Kerosene,70
2019-02-12,,LP 92,Lanka Petrol 92 Octane,129
2019-02-12,,LP 95,Lanka Petrol 95 Octane Euro 4,152
2019-02-12,,LSD,Lanka Super Diesel 4 Star Euro 4,129
2019-03-13,,FUR 1500 (High),Lanka Fuel Oil 1500 Sec (High Sulphur),96
2019-03-13,,FUR. 1500 (Low),Lanka Fuel Oil 1500 Sec (Low Sulphur),96
2019-03-13,,FUR. 800,Lanka Fuel Oil Super (800),92
2019-03-13,,LAD,Lanka Auto Diesel,104
2019-03-13,,LIK,Lanka Industrial Kerosene,110
2019-03-13,,LK,Lanka Kerosene,70
2019-03-13,,LP 92,Lanka Petrol 92 Octane,132
2019-03-13,,LP 95,Lanka Petrol 95 Octane Euro 4,159
2019-03-13,,LSD,Lanka Super Diesel 4 Star Euro 4,134
2019-05-11,,FUR 1500 (High),Lanka Fuel Oil 1500 Sec (High Sulphur),96
2019-05-11,,FUR. 1500 (Low),Lanka Fuel Oil 1500 Sec (Low Sulphur),96
2019-05-11,,FUR. 800,Lanka Fuel Oil Super (800),92
2019-05-11,,LAD,Lanka Auto Diesel,104
2019-05-11,,LIK,Lanka Industrial Kerosene,110
2019-05-11,,LK,Lanka Kerosene,70
2019-05-11,,LP 92,Lanka Petrol 92 Octane,135
2019-05-11,,LP 95,Lanka Petrol 95 Octane Euro 4,164
2019-05-11,,LSD,Lanka Super Diesel 4 Star Euro 4,136
2019-06-11,,FUR 1500 (High),Lanka Fuel Oil 1500 Sec (High Sulphur),96
2019-06-11,,FUR. 1500 (Low),Lanka Fuel Oil 1500 Sec (Low Sulphur),96
2019-06-11,,FUR. 800,Lanka Fuel Oil Super (800),92
2019-06-11,,LAD,Lanka Auto Diesel,104
2019-06-11,,LIK,Lanka Industrial Kerosene,110
2019-06-11,,LK,Lanka Kerosene,70
2019-06-11,,LP 92,Lanka Petrol 92 Octane,138
2019-06-11,,LP 95,Lanka Petrol 95 Octane Euro 4,164
2019-06-11,,LSD,Lanka Super Diesel 4 Star Euro 4,136
2019-07-11,,FUR 1500 (High),Lanka Fuel Oil 1500 Sec (High Sulphur),96
2019-07-11,,FUR. 1500 (Low),Lanka Fuel Oil 1500 Sec (Low Sulphur),96
2019-07-11,,FUR. 800,Lanka Fuel Oil Super (800),92
2019-07-11,,LAD,Lanka Auto Diesel,104
2019-07-11,,LIK,Lanka Industrial Kerosene,110
2019-07-11,,LK,Lanka Kerosene,70
2019-07-11,,LP 92,Lanka Petrol 92 Octane,136
2019-07-11,,LP 95,Lanka Petrol 95 Octane Euro 4,159
2019-07-11,,LSD,Lanka Super Diesel 4 Star Euro 4,131
2019-08-13,,FUR 1500 (High),Lanka Fuel Oil 1500 Sec (High Sulphur),96
2019-08-13,,FUR. 1500 (Low),Lanka Fuel Oil 1500 Sec (Low Sulphur),96
2019-08-13,,FUR. 800,Lanka Fuel Oil Super (800),92
2019-08-13,,LAD,Lanka Auto Diesel,104
2019-08-13,,LIK,Lanka Industrial Kerosene,110
2019-08-13,,LK,Lanka Kerosene,70
2019-08-13,,LP 92,Lanka Petrol 92 Octane,138
2019-08-13,,LP 95,Lanka Petrol 95 Octane Euro 4,163
2019-08-13,,LSD,Lanka Super Diesel 4 Star Euro 4,134
2019-09-10,,FUR 1500 (High),Lanka Fuel Oil 1500 Sec (High Sulphur),96
2019-09-10,,FUR. 1500 (Low),Lanka Fuel Oil 1500 Sec (Low Sulphur),96
2019-09-10,,FUR. 800,Lanka Fuel Oil Super (800),92
2019-09-10,,LAD,Lanka Auto Diesel,104
2019-09-10,,LIK,Lanka Industrial Kerosene,110
2019-09-10,,LK,Lanka Kerosene,70
2019-09-10,,LP 92,Lanka Petrol 92 Octane,137
2019-09-10,,LP 95,Lanka Petrol 95 Octane Euro 4,161
2019-09-10,,LSD,Lanka Super Diesel 4 Star Euro 4,132
2021-06-11,,FUR 1500 (High),Lanka Fuel Oil 1500 Sec (High Sulphur),96
2021-06-11,,FUR. 1500 (Low),Lanka Fuel Oil 1500 Sec (Low Sulphur),96
2021-06-11,,FUR. 800,Lanka Fuel Oil Super (800),92
2021-06-11,,LAD,Lanka Auto Diesel,111
2021-06-11,,LIK,Lanka Industrial Kerosene,110
2021-06-11,,LK,Lanka Kerosene,77
2021-06-11,,LP 92,Lanka Petrol 92 Octane,157
2021-06-11,,LP 95,Lanka Petrol 95 Octane Euro 4,184
2021-06-11,,LSD,Lanka Super Diesel 4 Star Euro 4,144
2021-12-20,,FUR 1500 (High),Lanka Fuel Oil 1500 Sec (High Sulphur),96
2021-12-20,,FUR. 1500 (Low),Lanka Fuel Oil 1500 Sec (Low Sulphur),96
2021-12-20,,FUR. 800,Lanka Fuel Oil Super (800),92
2021-12-20,,LAD,Lanka Auto Diesel,121
2021-12-20,,LIK,Lanka Industrial Kerosene,110
2021-12-20,,LK,Lanka Kerosene,87
2021-12-20,,LP 92,Lanka Petrol 92 Octane,177
2021-12-20,,LP 95,Lanka Petrol 95 Octane Euro 4,207
2021-12-20,,LSD,Lanka Super Diesel 4 Star Euro 4,159
2021-12-27,,FUR 1500 (High),Lanka Fuel Oil 1500 Sec (High Sulphur),110
2021-12-27,,FUR. 1500 (Low),Lanka Fuel Oil 1500 Sec (Low Sulphur),110
2021-12-27,,FUR. 800,Lanka Fuel Oil Super (800),110
2021-12-27,,LAD,Lanka Auto Diesel,121
2021-12-27,,LIK,Lanka Industrial Kerosene,110
2021-12-27,,LK,Lanka Kerosene,87
2021-12-27,,LP 92,Lanka Petrol 92 Octane,177
2021-12-27,,LP 95,Lanka Petrol 95 Octane Euro 4,207
2021-12-27,,LSD,Lanka Super Diesel 4 Star Euro 4,159
2022-03-11,,FUR 1500 (High),Lanka Fuel Oil 1500 Sec (High Sulphur),214
2022-03-11,,FUR. 1500 (Low),Lanka Fuel Oil 1500 Sec (Low Sulphur),214
2022-03-11,,FUR. 800,Lanka Fuel Oil Super (800),214
2022-03-11,,LAD,Lanka Auto Diesel,176
2022-03-11,,LIK,Lanka Industrial Kerosene,110
2022-03-11,,LK,Lanka Kerosene,87
2022-03-11,,LP 92,Lanka Petrol 92 Octane,254
2022-03-11,,LP 95,Lanka Petrol 95 Octane Euro 4,283
2022-03-11,,LSD,Lanka Super Diesel 4 Star Euro 4,254
2022-03-22,,FUR 1500 (High),Lanka Fuel Oil 1500 Sec (High Sulphur),214
2022-03-22,,FUR. 1500 (Low),Lanka Fuel Oil 1500 Sec (Low Sulphur),214
2022-03-22,,FUR. 800,Lanka Fuel Oil Super (800),214
2022-03-22,,LAD,Lanka Auto Diesel,176
2022-03-22,,LIK,Lanka Industrial Kerosene,160
2022-03-22,,LK,Lanka Kerosene,87
2022-03-22,,LP 92,Lanka Petrol 92 Octane,254
2022-03-22,,LP 95,Lanka Petrol 95 Octane Euro 4,283
2022-03-22,,LSD,Lanka Super Diesel 4 Star Euro 4,254
2022-04-18,,FUR 1500 (High),Lanka Fuel Oil 1500 Sec (High Sulphur),214
2022-04-18,,FUR. 1500 (Low),Lanka Fuel Oil 1500 Sec (Low Sulphur),214
2022-04-18,,FUR. 800,Lanka Fuel Oil Super (800),214
2022-04-18,,LAD,Lanka Auto Diesel,289
2022-04-18,,LIK,Lanka Industrial Kerosene,160
2022-04-18,,LK,Lanka Kerosene,87
2022-04-18,,LP 92,Lanka Petrol 92 Octane,338
2022-04-18,,LP 95,Lanka Petrol 95 Octane Euro 4,373
2022-04-18,,LSD,Lanka Super Diesel 4 Star Euro 4,329
2022-04-22,,FUR 1500 (High),Lanka Fuel Oil 1500 Sec (High Sulphur),289
2022-04-22,,FUR. 1500 (Low),Lanka Fuel Oil 1500 Sec (Low Sulphur),289
2022-04-22,,FUR. 800,Lanka Fuel Oil Super (800),289
2022-04-22,,LAD,Lanka Auto Diesel,289
2022-04-22,,LIK,Lanka Industrial Kerosene,305
2022-04-22,,LK,Lanka Kerosene,87
2022-04-22,,LP 92,Lanka Petrol 92 Octane,338
2022-04-22,,LP 95,Lanka Petrol 95 Octane Euro 4,373
2022-04-22,,LSD,Lanka Super Diesel 4 Star Euro 4,329
2022-05-24,,FUR 1500 (High),Lanka Fuel Oil 1500 Sec (High Sulphur),369
2022-05-24,,FUR. 1500 (Low),Lanka Fuel Oil 1500 Sec (Low Sulphur),369
2022-05-24,,FUR. 800,Lanka Fuel Oil Super (800),369
2022-05-24,,LAD,Lanka Auto Diesel,400
2022-05-24,,LIK,Lanka Industrial Kerosene,399
2022-05-24,,LK,Lanka Kerosene,87
2022-05-24,,LP 92,Lanka Petrol 92 Octane,420
2022-05-24,,LP 95,Lanka Petrol 95 Octane Euro 4,450
2022-05-24,,LSD,Lanka Super Diesel 4 Star Euro 4,445
2022-06-26,,FUR 1500 (High),Lanka Fuel Oil 1500 Sec (High Sulphur),419
2022-06-26,,FUR. 1500 (Low),Lanka Fuel Oil 1500 Sec (Low Sulphur),419
2022-06-26,,FUR. 800,Lanka Fuel Oil Super (800),419
2022-06-26,,LAD,Lanka Auto Diesel,460
2022-06-26,,LIK,Lanka Industrial Kerosene,464
2022-06-26,,LK,Lanka Kerosene,87
2022-06-26,,LP 92,Lanka Petrol 92 Octane,470
2022-06-26,,LP 95,Lanka Petrol 95 Octane Euro 4,550
2022-06-26,,LSD,Lanka Super Diesel 4 Star Euro 4,520
2022-07-17,,FUR 1500 (High),Lanka Fuel Oil 1500 Sec (High Sulphur),419
2022-07-17,,FUR. 1500 (Low),Lanka Fuel Oil 1500 Sec (Low Sulphur),419
2022-07-17,,FUR. 800,Lanka Fuel Oil Super (800),419
2022-07-17,,LAD,Lanka Auto Diesel,440
2022-07-17,,LIK,Lanka Industrial Kerosene,464
2022-07-17,,LK,Lanka Kerosene,87
2022-07-17,,LP 92,Lanka Petrol 92 Octane,450
2022-07-17,,LP 95,Lanka Petrol 95 Octane Euro 4,540
2022-07-17,,LSD,Lanka Super Diesel 4 Star Euro 4,510
2022-08-01,,FUR 1500 (High),Lanka Fuel Oil 1500 Sec (High Sulphur),419
2022-08-01,,FUR. 1500 (Low),Lanka Fuel Oil 1500 Sec (Low Sulphur),419
2022-08-01,,FUR. 800,Lanka Fuel Oil Super (800),419
2022-08-01,,LAD,Lanka Auto Diesel,430
2022-08-01,,LIK,Lanka Industrial Kerosene,464
2022-08-01,,LK,Lanka Kerosene,87
2022-08-01,,LP 92,Lanka Petrol 92 Octane,450
2022-08-01,,LP 95,Lanka Petrol 95 Octane Euro 4,540
2022-08-01,,LSD,Lanka Super Diesel 4 Star Euro 4,510
2022-08-21,,FUR 1500 (High),Lanka Fuel Oil 1500 Sec (High Sulphur),419
2022-08-21,,FUR. 1500 (Low),Lanka Fuel Oil 1500 Sec (Low Sulphur),419
2022-08-21,,FUR. 800,Lanka Fuel Oil Super (800),419
2022-08-21,,LAD,Lanka Auto Diesel,430
2022-08-21,,LIK,Lanka Industrial Kerosene,464
2022-08-21,,LK,Lanka Kerosene,340
2022-08-21,,LP 92,Lanka Petrol 92 Octane,450
2022-08-21,,LP 95,Lanka Petrol 95 Octane Euro 4,540
2022-08-21,,LSD,Lanka Super Diesel 4 Star Euro 4,510
2022-10-02,,FUR 1500 (High),Lanka Fuel Oil 1500 Sec (High Sulphur),419
2022-10-02,,FUR. 1500 (Low),Lanka Fuel Oil 1500 Sec (Low Sulphur),419
2022-10-02,,FUR. 800,Lanka Fuel Oil Super (800),419
2022-10-02,,LAD,Lanka Auto Diesel,430
2022-10-02,,LIK,Lanka Industrial Kerosene,464
2022-10-02,,LK,Lanka Kerosene,340
2022-10-02,,LP 92,Lanka Petrol 92 Octane,410
2022-10-02,,LP 95,Lanka Petrol 95 Octane Euro 4,510
2022-10-02,,LSD,Lanka Super Diesel 4 Star Euro 4,510
2022-10-17,,FUR 1500 (High),Lanka Fuel Oil 1500 Sec (High Sulphur),320
2022-10-17,,FUR. 1500 (Low),Lanka Fuel Oil 1500 Sec (Low Sulphur),320
2022-10-17,,FUR. 800,Lanka Fuel Oil Super (800),320
2022-10-17,,LAD,Lanka Auto Diesel,415
2022-10-17,,LIK,Lanka Industrial Kerosene,464
2022-10-17,,LK,Lanka Kerosene,340
2022-10-17,,LP 92,Lanka Petrol 92 Octane,370
2022-10-17,,LP 95,Lanka Petrol 95 Octane Euro 4,510
2022-10-17,,LSD,Lanka Super Diesel 4 Star Euro 4,510
2022-10-17,21:00,FUR 1500 (High),Lanka Fuel Oil 1500 Sec (High Sulphur),419
2022-10-17,21:00,FUR. 1500 (Low),Lanka Fuel Oil 1500 Sec (Low Sulphur),419
2022-10-17,21:00,FUR. 800,Lanka Fuel Oil Super (800),419
2022-10-17,21:00,LAD,Lanka Auto Diesel,415
2022-10-17,21:00,LIK,Lanka Industrial Kerosene,464
2022-10-17,21:00,LK,Lanka Kerosene,340
2022-10-17,21:00,LP 92,Lanka Petrol 92 Octane,370
2022-10-17,21:00,LP 95,Lanka Petrol 95 Octane Euro 4,510
2022-10-17,21:00,LSD,Lanka Super Diesel 4 Star Euro 4,510
2022-11-12,,FUR 1500 (High),Lanka Fuel Oil 1500 Sec (High Sulphur),419
2022-11-12,,FUR. 1500 (Low),Lanka Fuel Oil 1500 Sec (Low Sulphur),419
2022-11-12,,FUR. 800,Lanka Fuel Oil Super (800),419
2022-11-12,,LAD,Lanka Auto Diesel,430
2022-11-12,,LIK,Lanka Industrial Kerosene,464
2022-11-12,,LK,Lanka Kerosene,365
2022-11-12,,LP 92,Lanka Petrol 92 Octane,370
2022-11-12,,LP 95,Lanka Petrol 95 Octane Euro 4,510
2022-11-12,,LSD,Lanka Super Diesel 4 Star Euro 4,510
2022-12-06,,FUR 1500 (High),Lanka Fuel Oil 1500 Sec (High Sulphur),320
2022-12-06,,FUR. 1500 (Low),Lanka Fuel Oil 1500 Sec (Low Sulphur),320
2022-12-06,,FUR. 800,Lanka Fuel Oil Super (800),320
2022-12-06,,LAD,Lanka Auto Diesel,420
2022-12-06,,LIK,Lanka Industrial Kerosene,464
2022-12-06,,LK,Lanka Kerosene,365
2022-12-06,,LP 92,Lanka Petrol 92 Octane,370
2022-12-06,,LP 95,Lanka Petrol 95 Octane Euro 4,510
2022-12-06,,LSD,Lanka Super Diesel 4 Star Euro 4,510
2023-01-03,,FUR 1500 (High),Lanka Fuel Oil 1500 Sec (High Sulphur),320
2023-01-03,,FUR. 1500 (Low),Lanka Fuel Oil 1500 Sec (Low Sulphur),320
2023-01-03,,FUR. 800,Lanka Fuel Oil Super (800),320
2023-01-03,,LAD,Lanka Auto Diesel,405
2023-01-03,,LIK,Lanka Industrial Kerosene,464
2023-01-03,,LK,Lanka Kerosene,355
2023-01-03,,LP 92,Lanka Petrol 92 Octane,370
2023-01-03,,LP 95,Lanka Petrol 95 Octane Euro 4,510
2023-01-03,,LSD,Lanka Super Diesel 4 Star Euro 4,510
2023-02-01,,FUR 1500 (High),Lanka Fuel Oil 1500 Sec (High Sulphur),320
2023-02-01,,FUR. 1500 (Low),Lanka Fuel Oil 1500 Sec (Low Sulphur),320
2023-02-01,,FUR. 800,Lanka Fuel Oil Super (800),320
2023-02-01,,LAD,Lanka Auto Diesel,405
2023-02-01,,LIK,Lanka Industrial Kerosene,464
2023-02-01,,LK,Lanka Kerosene,355
2023-02-01,,LP 92,Lanka Petrol 92 Octane,400
2023-02-01,,LP 95,Lanka Petrol 95 Octane Euro 4,510
2023-02-01,,LSD,Lanka Super Diesel 4 Star Euro 4,510
2023-03-02,,FUR 1500 (High),Lanka Fuel Oil 1500 Sec (High Sulphur),320
2023-03-02,,FUR. 1500 (Low),Lanka Fuel Oil 1500 Sec (Low Sulphur),320
2023-03-02,,FUR. 800,Lanka Fuel Oil Super (800),320
2023-03-02,,LAD,Lanka Auto Diesel,405
2023-03-02,,LIK,Lanka Industrial Kerosene,330
2023-03-02,,LK,Lanka Kerosene,305
2023-03-02,,LP 92,Lanka Petrol 92 Octane,400
2023-03-02,,LP 95,Lanka Petrol 95 Octane Euro 4,510
2023-03-02,,LSD,Lanka Super Diesel 4 Star Euro 4,510
2023-03-30,,FUR 1500 (High),Lanka Fuel Oil 1500 Sec (High Sulphur),320
2023-03-30,,FUR. 1500 (Low),Lanka Fuel Oil 1500 Sec (Low Sulphur),320
2023-03-30,,FUR. 800,Lanka Fuel Oil Super (800),320
2023-03-30,,LAD,Lanka Auto Diesel,325
2023-03-30,,LIK,Lanka Industrial Kerosene,330
2023-03-30,,LK,Lanka Kerosene,295
2023-03-30,,LP 92,Lanka Petrol 92 Octane,340
2023-03-30,,LP 95,Lanka Petrol 95 Octane Euro 4,375
2023-03-30,,LSD,Lanka Super Diesel 4 Star Euro 4,465
2023-05-01,,FUR 1500 (High),Lanka Fuel Oil 1500 Sec (High Sulphur),261
2023-05-01,,FUR. 1500 (Low),Lanka Fuel Oil 1500 Sec (Low Sulphur),261
2023-05-01,,FUR. 800,Lanka Fuel Oil Super (800),261
2023-05-01,,LAD,Lanka Auto Diesel,310
2023-05-01,,LIK,Lanka Industrial Kerosene,330
2023-05-01,,LK,Lanka Kerosene,295
2023-05-01,,LP 92,Lanka Petrol 92 Octane,333
2023-05-01,,LP 95,Lanka Petrol 95 Octane Euro 4,365
2023-05-01,,LSD,Lanka Super Diesel 4 Star Euro 4,330
2023-06-01,,FUR 1500 (High),Lanka Fuel Oil 1500 Sec (High Sulphur),216
2023-06-01,,FUR. 1500 (Low),Lanka Fuel Oil 1500 Sec (Low Sulphur),216
2023-06-01,,FUR. 800,Lanka Fuel Oil Super (800),216
2023-06-01,,LAD,Lanka Auto Diesel,310
2023-06-01,,LIK,Lanka Industrial Kerosene,270
2023-06-01,,LK,Lanka Kerosene,245
2023-06-01,,LP 92,Lanka Petrol 92 Octane,318
2023-06-01,,LP 95,Lanka Petrol 95 Octane Euro 4,385
2023-06-01,,LSD,Lanka Super Diesel 4 Star Euro 4,340
2023-07-01,,FUR 1500 (High),Lanka Fuel Oil 1500 Sec (High Sulphur),216
2023-07-01,,FUR. 1500 (Low),Lanka Fuel Oil 1500 Sec (Low Sulphur),216
2023-07-01,,FUR. 800,Lanka Fuel Oil Super (800),216
2023-07-01,,LAD,Lanka Auto Diesel,308
2023-07-01,,LIK,Lanka Industrial Kerosene,270
2023-07-01,,LK,Lanka Kerosene,236
2023-07-01,,LP 92,Lanka Petrol 92 Octane,328
2023-07-01,,LP 95,Lanka Petrol 95 Octane Euro 4,365
2023-07-01,,LSD,Lanka Super Diesel 4 Star Euro 4,346
2023-08-01,,FUR 1500 (High),Lanka Fuel Oil 1500 Sec (High Sulphur),203
2023-08-01,,FUR. 1500 (Low),Lanka Fuel Oil 1500 Sec (Low Sulphur),203
2023-08-01,,FUR. 800,Lanka Fuel Oil Super (800),203
2023-08-01,,LAD,Lanka Auto Diesel,306
2023-08-01,,LIK,Lanka Industrial Kerosene,231
2023-08-01,,LK,Lanka Kerosene,226
2023-08-01,,LP 92,Lanka Petrol 92 Octane,348
2023-08-01,,LP 95,Lanka Petrol 95 Octane Euro 4,375
2023-08-01,,LSD,Lanka Super Diesel 4 Star Euro 4,358
2023-09-01,,FUR 1500 (High),Lanka Fuel Oil 1500 Sec (High Sulphur),191
2023-09-01,,FUR. 1500 (Low),Lanka Fuel Oil 1500 Sec (Low Sulphur),191
2023-09-01,,FUR. 800,Lanka Fuel Oil Super (800),191
2023-09-01,,LAD,Lanka Auto Diesel,341
2023-09-01,,LIK,Lanka Industrial Kerosene,238
2023-09-01,,LK,Lanka Kerosene,231
2023-09-01,,LP 92,Lanka Petrol 92 Octane,361
2023-09-01,,LP 95,Lanka Petrol 95 Octane Euro 4,417
2023-09-01,,LSD,Lanka Super Diesel 4 Star Euro 4,359
2023-10-02,,FUR 1500 (High),Lanka Fuel Oil 1500 Sec (High Sulphur),191
2023-10-02,,FUR. 1500 (Low),Lanka Fuel Oil 1500 Sec (Low Sulphur),191
2023-10-02,,FUR. 800,Lanka Fuel Oil Super (800),191
2023-10-02,,LAD,Lanka Auto Diesel,351
2023-10-02,,LIK,Lanka Industrial Kerosene,300
2023-10-02,,LK,Lanka Kerosene,242
2023-10-02,,LP 92,Lanka Petrol 92 Octane,365
2023-10-02,,LP 95,Lanka Petrol 95 Octane Euro 4,420
2023-10-02,,LSD,Lanka Super Diesel 4 Star Euro 4,421
2023-11-01,,FUR 1500 (High),Lanka Fuel Oil 1500 Sec (High Sulphur),207
2023-11-01,,FUR. 1500 (Low),Lanka Fuel Oil 1500 Sec (Low Sulphur),207
2023-11-01,,FUR. 800,Lanka Fuel Oil Super (800),207
2023-11-01,,LAD,Lanka Auto Diesel,356
2023-11-01,,LIK,Lanka Industrial Kerosene,288
2023-11-01,,LK,Lanka Kerosene,249
2023-11-01,,LP 92,Lanka Petrol 92 Octane,356
2023-11-01,,LP 95,Lanka Petrol 95 Octane Euro 4,423
2023-11-01,,LSD,Lanka Super Diesel 4 Star Euro 4,431
2023-12-01,,FUR 1500 (High),Lanka Fuel Oil 1500 Sec (High Sulphur),207
2023-12-01,,FUR. 1500 (Low),Lanka Fuel Oil 1500 Sec (Low Sulphur),207
2023-12-01,,FUR. 800,Lanka Fuel Oil Super (800),207
2023-12-01,,LAD,Lanka Auto Diesel,329
2023-12-01,,LIK,Lanka Industrial Kerosene,288
2023-12-01,,LK,Lanka Kerosene,247
2023-12-01,,LP 92,Lanka Petrol 92 Octane,346
2023-12-01,,LP 95,Lanka Petrol 95 Octane Euro 4,426
2023-12-01,,LSD,Lanka Super Diesel 4 Star Euro 4,434
2024-01-01,,FUR 1500 (High),Lanka Fuel Oil 1500 Sec (High Sulphur),211
2024-01-01,,FUR. 1500 (Low),Lanka Fuel Oil 1500 Sec (Low Sulphur),211
2024-01-01,,FUR. 800,Lanka Fuel Oil Super (800),211
2024-01-01,,LAD,Lanka Auto Diesel,358
2024-01-01,,LIK,Lanka Industrial Kerosene,251
2024-01-01,,LK,Lanka Kerosene,236
2024-01-01,,LP 92,Lanka Petrol 92 Octane,366
2024-01-01,,LP 95,Lanka Petrol 95 Octane Euro 4,464
2024-01-01,,LSD,Lanka Super Diesel 4 Star Euro 4,475
2024-02-01,,FUR 1500 (High),Lanka Fuel Oil 1500 Sec (High Sulphur),201
2024-02-01,,FUR. 1500 (Low),Lanka Fuel Oil 1500 Sec (Low Sulphur),201
2024-02-01,,FUR. 800,Lanka Fuel Oil Super (800),201
2024-02-01,,LAD,Lanka Auto Diesel,363
2024-02-01,,LIK,Lanka Industrial Kerosene,266
2024-02-01,,LK,Lanka Kerosene,262
2024-02-01,,LP 92,Lanka Petrol 92 Octane,371
2024-02-01,,LP 95,Lanka Petrol 95 Octane Euro 4,456
2024-02-01,,LSD,Lanka Super Diesel 4 Star Euro 4,468
2024-03-05,,FUR 1500 (High),Lanka Fuel Oil 1500 Sec (High Sulphur),201
2024-03-05,,FUR. 1500 (Low),Lanka Fuel Oil 1500 Sec (Low Sulphur),201
2024-03-05,,FUR. 800,Lanka Fuel Oil Super (800),201
2024-03-05,,LAD,Lanka Auto Diesel,363
2024-03-05,,LIK,Lanka Industrial Kerosene,260
2024-03-05,,LK,Lanka Kerosene,257
2024-03-05,,LP 92,Lanka Petrol 92 Octane,371
2024-03-05,,LP 95,Lanka Petrol 95 Octane Euro 4,447
2024-03-05,,LSD,Lanka Super Diesel 4 Star Euro 4,458
2024-04-01,,FUR 1500 (High),Lanka Fuel Oil 1500 Sec (High Sulphur),201
2024-04-01,,FUR. 1500 (Low),Lanka Fuel Oil 1500 Sec (Low Sulphur),201
2024-04-01,,FUR. 800,Lanka Fuel Oil Super (800),201
2024-04-01,,LAD,Lanka Auto Diesel,363
2024-04-01,,LIK,Lanka Industrial Kerosene,260
2024-04-01,,LK,Lanka Kerosene,245
2024-04-01,,LP 92,Lanka Petrol 92 Octane,371
2024-04-01,,LP 95,Lanka Petrol 95 Octane Euro 4,440
2024-04-01,,LSD,Lanka Super Diesel 4 Star Euro 4,386
2024-04-06,,FUR 1500 (High),Lanka Fuel Oil 1500 Sec (High Sulphur),189
2024-04-06,,FUR. 1500 (Low),Lanka Fuel Oil 1500 Sec (Low Sulphur),189
2024-04-06,,FUR. 800,Lanka Fuel Oil Super (800),189
2024-04-06,,LAD,Lanka Auto Diesel,363
2024-04-06,,LIK,Lanka Industrial Kerosene,250
2024-04-06,,LK,Lanka Kerosene,245
2024-04-06,,LP 92,Lanka Petrol 92 Octane,371
2024-04-06,,LP 95,Lanka Petrol 95 Octane Euro 4,440
2024-04-06,,LSD,Lanka Super Diesel 4 Star Euro 4,386
2024-05-01,,FUR 1500 (High),Lanka Fuel Oil 1500 Sec (High Sulphur),189
2024-05-01,,FUR. 1500 (Low),Lanka Fuel Oil 1500 Sec (Low Sulphur),189
2024-05-01,,FUR. 800,Lanka Fuel Oil Super (800),189
2024-05-01,,LAD,Lanka Auto Diesel,333
2024-05-01,,LIK,Lanka Industrial Kerosene,250
2024-05-01,,LK,Lanka Kerosene,215
2024-05-01,,LP 92,Lanka Petrol 92 Octane,368
2024-05-01,,LP 95,Lanka Petrol 95 Octane Euro 4,420
2024-05-01,,LSD,Lanka Super Diesel 4 Star Euro 4,377
2024-05-06,,FUR 1500 (High),Lanka Fuel Oil 1500 Sec (High Sulphur),188
2024-05-06,,FUR. 1500 (Low),Lanka Fuel Oil 1500 Sec (Low Sulphur),188
2024-05-06,,FUR. 800,Lanka Fuel Oil Super (800),188
2024-05-06,,LAD,Lanka Auto Diesel,333
2024-05-06,,LIK,Lanka Industrial Kerosene,223
2024-05-06,,LK,Lanka Kerosene,215
2024-05-06,,LP 92,Lanka Petrol 92 Octane,368
2024-05-06,,LP 95,Lanka Petrol 95 Octane Euro 4,420
2024-05-06,,LSD,Lanka Super Diesel 4 Star Euro 4,377
2024-06-01,,FUR 1500 (High),Lanka Fuel Oil 1500 Sec (High Sulphur),188
2024-06-01,,FUR. 1500 (Low),Lanka Fuel Oil 1500 Sec (Low Sulphur),188
2024-06-01,,FUR. 800,Lanka Fuel Oil Super (800),188
2024-06-01,,LAD,Lanka Auto Diesel,317
2024-06-01,,LIK,Lanka Industrial Kerosene,223
2024-06-01,,LK,Lanka Kerosene,202
2024-06-01,,LP 92,Lanka Petrol 92 Octane,355
2024-06-01,,LP 95,Lanka Petrol 95 Octane Euro 4,420
2024-06-01,,LSD,Lanka Super Diesel 4 Star Euro 4,377
2024-06-05,,FUR 1500 (High),Lanka Fuel Oil 1500 Sec (High Sulphur),196
2024-06-05,,FUR. 1500 (Low),Lanka Fuel Oil 1500 Sec (Low Sulphur),196
2024-06-05,,FUR. 800,Lanka Fuel Oil Super (800),196
2024-06-05,,LAD,Lanka Auto Diesel,317
2024-06-05,,LIK,Lanka Industrial Kerosene,210
2024-06-05,,LK,Lanka Kerosene,202
2024-06-05,,LP 92,Lanka Petrol 92 Octane,355
2024-06-05,,LP 95,Lanka Petrol 95 Octane Euro 4,420
2024-06-05,,LSD,Lanka Super Diesel 4 Star Euro 4,377
2024-07-01,,FUR 1500 (High),Lanka Fuel Oil 1500 Sec (High Sulphur),196
2024-07-01,,FUR. 1500 (Low),Lanka Fuel Oil 1500 Sec (Low Sulphur),196
2024-07-01,,FUR. 800,Lanka Fuel Oil Super (800),196
2024-07-01,,LAD,Lanka Auto Diesel,317
2024-07-01,,LIK,Lanka Industrial Kerosene,210
2024-07-01,,LK,Lanka Kerosene,202
2024-07-01,,LP 92,Lanka Petrol 92 Octane,344
2024-07-01,,LP 95,Lanka Petrol 95 Octane Euro 4,379
2024-07-01,,LSD,Lanka Super Diesel 4 Star Euro 4,355
2024-07-05,,FUR 1500 (High),Lanka Fuel Oil 1500 Sec (High Sulphur),196
2024-07-05,,FUR. 1500 (Low),Lanka Fuel Oil 1500 Sec (Low Sulphur),196
2024-07-05,,FUR. 800,Lanka Fuel Oil Super (800),196
2024-07-05,,LAD,Lanka Auto Diesel,317
2024-07-05,,LIK,Lanka Industrial Kerosene,219
2024-07-05,,LK,Lanka Kerosene,202
2024-07-05,,LP 92,Lanka Petrol 92 Octane,344
2024-07-05,,LP 95,Lanka Petrol 95 Octane Euro 4,379
2024-07-05,,LSD,Lanka Super Diesel 4 Star Euro 4,355
2024-07-15,,FUR 1500 (High),Lanka Fuel Oil 1500 Sec (High Sulphur),188
2024-07-15,,FUR. 1500 (Low),Lanka Fuel Oil 1500 Sec (Low Sulphur),188
2024-07-15,,FUR. 800,Lanka Fuel Oil Super (800),188
2024-07-15,,LAD,Lanka Auto Diesel,317
2024-07-15,,LIK,Lanka Industrial Kerosene,219
2024-07-15,,LK,Lanka Kerosene,202
2024-07-15,,LP 92,Lanka Petrol 92 Octane,344
2024-07-15,,LP 95,Lanka Petrol 95 Octane Euro 4,379
2024-07-15,,LSD,Lanka Super Diesel 4 Star Euro 4,355
2024-08-15,,FUR 1500 (High),Lanka Fuel Oil 1500 Sec (High Sulphur),199
2024-08-15,,FUR. 1500 (Low),Lanka Fuel Oil 1500 Sec (Low Sulphur),199
2024-08-15,,FUR. 800,Lanka Fuel Oil Super (800),199
2024-08-15,,LAD,Lanka Auto Diesel,317
2024-08-15,,LIK,Lanka Industrial Kerosene,219
2024-08-15,,LK,Lanka Kerosene,202
2024-08-15,,LP 92,Lanka Petrol 92 Octane,344
2024-08-15,,LP 95,Lanka Petrol 95 Octane Euro 4,379
2024-08-15,,LSD,Lanka Super Diesel 4 Star Euro 4,355
2024-09-01,,FUR 1500 (High),Lanka Fuel Oil 1500 Sec (High Sulphur),199
2024-09-01,,FUR. 1500 (Low),Lanka Fuel Oil 1500 Sec (Low Sulphur),199
2024-09-01,,FUR. 800,Lanka Fuel Oil Super (800),199
2024-09-01,,LAD,Lanka Auto Diesel,307
2024-09-01,,LIK,Lanka Industrial Kerosene,219
2024-09-01,,LK,Lanka Kerosene,202
2024-09-01,,LP 92,Lanka Petrol 92 Octane,332
2024-09-01,,LP 95,Lanka Petrol 95 Octane Euro 4,377
2024-09-01,,LSD,Lanka Super Diesel 4 Star Euro 4,352
2024-09-05,,FUR 1500 (High),Lanka Fuel Oil 1500 Sec (High Sulphur),199
2024-09-05,,FUR. 1500 (Low),Lanka Fuel Oil 1500 Sec (Low Sulphur),199
2024-09-05,,FUR. 800,Lanka Fuel Oil Super (800),199
2024-09-05,,LAD,Lanka Auto Diesel,307
2024-09-05,,LIK,Lanka Industrial Kerosene,210
2024-09-05,,LK,Lanka Kerosene,202
2024-09-05,,LP 92,Lanka Petrol 92 Octane,332
2024-09-05,,LP 95,Lanka Petrol 95 Octane Euro 4,377
2024-09-05,,LSD,Lanka Super Diesel 4 Star Euro 4,352
2024-10-01,,FUR 1500 (High),Lanka Fuel Oil 1500 Sec (High Sulphur),199
2024-10-01,,FUR. 1500 (Low),Lanka Fuel Oil 1500 Sec (Low Sulphur),199
2024-10-01,,FUR. 800,Lanka Fuel Oil Super (800),199
2024-10-01,,LAD,Lanka Auto Diesel,283
2024-10-01,,LIK,Lanka Industrial Kerosene,210
2024-10-01,,LK,Lanka Kerosene,183
2024-10-01,,LP 92,Lanka Petrol 92 Octane,311
2024-10-01,,LP 95,Lanka Petrol 95 Octane Euro 4,377
2024-10-01,,LSD,Lanka Super Diesel 4 Star Euro 4,319
2024-10-05,,FUR 1500 (High),Lanka Fuel Oil 1500 Sec (High Sulphur),207
2024-10-05,,FUR. 1500 (Low),Lanka Fuel Oil 1500 Sec (Low Sulphur),207
2024-10-05,,FUR. 800,Lanka Fuel Oil Super (800),207
2024-10-05,,LAD,Lanka Auto Diesel,283
2024-10-05,,LIK,Lanka Industrial Kerosene,191
2024-10-05,,LK,Lanka Kerosene,183
2024-10-05,,LP 92,Lanka Petrol 92 Octane,311
2024-10-05,,LP 95,Lanka Petrol 95 Octane Euro 4,377
2024-10-05,,LSD,Lanka Super Diesel 4 Star Euro 4,319
2024-11-01,,FUR 1500 (High),Lanka Fuel Oil 1500 Sec (High Sulphur),207
2024-11-01,,FUR. 1500 (Low),Lanka Fuel Oil 1500 Sec (Low Sulphur),207
2024-11-01,,FUR. 800,Lanka Fuel Oil Super (800),207
2024-11-01,,LAD,Lanka Auto Diesel,283
2024-11-01,,LIK,Lanka Industrial Kerosene,191
2024-11-01,,LK,Lanka Kerosene,183
2024-11-01,,LP 92,Lanka Petrol 92 Octane,311
2024-11-01,,LP 95,Lanka Petrol 95 Octane Euro 4,371
2024-11-01,,LSD,Lanka Super Diesel 4 Star Euro 4,313
2024-12-01,,FUR 1500 (High),Lanka Fuel Oil 1500 Sec (High Sulphur),207
2024-12-01,,FUR. 1500 (Low),Lanka Fuel Oil 1500 Sec (Low Sulphur),207
2024-12-01,,FUR. 800,Lanka Fuel Oil Super (800),207
2024-12-01,,LAD,Lanka Auto Diesel,286
2024-12-01,,LIK,Lanka Industrial Kerosene,191
2024-12-01,,LK,Lanka Kerosene,188
2024-12-01,,LP 92,Lanka Petrol 92 Octane,309
2024-12-01,,LP 95,Lanka Petrol 95 Octane Euro 4,371
2024-12-01,,LSD,Lanka Super Diesel 4 Star Euro 4,313
2024-12-05,,FUR 1500 (High),Lanka Fuel Oil 1500 Sec (High Sulphur),207
2024-12-05,,FUR. 1500 (Low),Lanka Fuel Oil 1500 Sec (Low Sulphur),207
2024-12-05,,FUR. 800,Lanka Fuel Oil Super (800),207
2024-12-05,,LAD,Lanka Auto Diesel,286
2024-12-05,,LIK,Lanka Industrial Kerosene,196
2024-12-05,,LK,Lanka Kerosene,188
2024-12-05,,LP 92,Lanka Petrol 92 Octane,309
2024-12-05,,LP 95,Lanka Petrol 95 Octane Euro 4,371
2024-12-05,,LSD,Lanka Super Diesel 4 Star Euro 4,313
2025-01-01,,FUR 1500 (High),Lanka Fuel Oil 1500 Sec (High Sulphur),207
2025-01-01,,FUR. 1500 (Low),Lanka Fuel Oil 1500 Sec (Low Sulphur),207
2025-01-01,,FUR. 800,Lanka Fuel Oil Super (800),207
2025-01-01,,LAD,Lanka Auto Diesel,286
2025-01-01,,LIK,Lanka Industrial Kerosene,196
2025-01-01,,LK,Lanka Kerosene,183
2025-01-01,,LP 92,Lanka Petrol 92 Octane,309
2025-01-01,,LP 95,Lanka Petrol 95 Octane Euro 4,371
2025-01-01,,LSD,Lanka Super Diesel 4 Star Euro 4,313
2025-01-05,,FUR 1500 (High),Lanka Fuel Oil 1500 Sec (High Sulphur),207
2025-01-05,,FUR. 1500 (Low),Lanka Fuel Oil 1500 Sec (Low Sulphur),207
2025-01-05,,FUR. 800,Lanka Fuel Oil Super (800),207
2025-01-05,,LAD,Lanka Auto Diesel,286
2025-01-05,,LIK,Lanka Industrial Kerosene,191
2025-01-05,,LK,Lanka Kerosene,183
2025-01-05,,LP 92,Lanka Petrol 92 Octane,309
2025-01-05,,LP 95,Lanka Petrol 95 Octane Euro 4,371
2025-01-05,,LSD,Lanka Super Diesel 4 Star Euro 4,313
2025-02-01,,FUR 1500 (High),Lanka Fuel Oil 1500 Sec (High Sulphur),207
2025-02-01,,FUR. 1500 (Low),Lanka Fuel Oil 1500 Sec (Low Sulphur),207
2025-02-01,,FUR. 800,Lanka Fuel Oil Super (800),207
2025-02-01,,LAD,Lanka Auto Diesel,286
2025-02-01,,LIK,Lanka Industrial Kerosene,191
2025-02-01,,LK,Lanka Kerosene,183
2025-02-01,,LP 92,Lanka Petrol 92 Octane,309
2025-02-01,,LP 95,Lanka Petrol 95 Octane Euro 4,371
2025-02-01,,LSD,Lanka Super Diesel 4 Star Euro 4,331
2025-04-01,,FUR 1500 (High),Lanka Fuel Oil 1500 Sec (High Sulphur),207
2025-04-01,,FUR. 1500 (Low),Lanka Fuel Oil 1500 Sec (Low Sulphur),207
2025-04-01,,FUR. 800,Lanka Fuel Oil Super (800),207
2025-04-01,,LAD,Lanka Auto Diesel,286
2025-04-01,,LIK,Lanka Industrial Kerosene,191
2025-04-01,,LK,Lanka Kerosene,183
2025-04-01,,LP 92,Lanka Petrol 92 Octane,299
2025-04-01,,LP 95,Lanka Petrol 95 Octane Euro 4,361
2025-04-01,,LSD,Lanka Super Diesel 4 Star Euro 4,331
2025-04-30,,FUR 1500 (High),Lanka Fuel Oil 1500 Sec (High Sulphur),207
2025-04-30,,FUR. 1500 (Low),Lanka Fuel Oil 1500 Sec (Low Sulphur),207
2025-04-30,,FUR. 800,Lanka Fuel Oil Super (800),207
2025-04-30,,LAD,Lanka Auto Diesel,274
2025-04-30,,LIK,Lanka Industrial Kerosene,191
2025-04-30,,LK,Lanka Kerosene,178
2025-04-30,,LP 92,Lanka Petrol 92 Octane,293
2025-04-30,,LP 95,Lanka Petrol 95 Octane Euro 4,341
2025-04-30,,LSD,Lanka Super Diesel 4 Star Euro 4,325
2025-05-05,,FUR 1500 (High),Lanka Fuel Oil 1500 Sec (High Sulphur),184
2025-05-05,,FUR. 1500 (Low),Lanka Fuel Oil 1500 Sec (Low Sulphur),184
2025-05-05,,FUR. 800,Lanka Fuel Oil Super (800),184
2025-05-05,,LAD,Lanka Auto Diesel,274
2025-05-05,,LIK,Lanka Industrial Kerosene,186
2025-05-05,,LK,Lanka Kerosene,178
2025-05-05,,LP 92,Lanka Petrol 92 Octane,293
2025-05-05,,LP 95,Lanka Petrol 95 Octane Euro 4,341
2025-05-05,,LSD,Lanka Super Diesel 4 Star Euro 4,325
2025-07-01,,FUR 1500 (High),Lanka Fuel Oil 1500 Sec (High Sulphur),184
2025-07-01,,FUR. 1500 (Low),Lanka Fuel Oil 1500 Sec (Low Sulphur),184
2025-07-01,,FUR. 800,Lanka Fuel Oil Super (800),184
2025-07-01,,LAD,Lanka Auto Diesel,289
2025-07-01,,LIK,Lanka Industrial Kerosene,186
2025-07-01,,LK,Lanka Kerosene,185
2025-07-01,,LP 92,Lanka Petrol 92 Octane,305
2025-07-01,,LP 95,Lanka Petrol 95 Octane Euro 4,341
2025-07-01,,LSD,Lanka Super Diesel 4 Star Euro 4,325
2025-07-05,,FUR 1500 (High),Lanka Fuel Oil 1500 Sec (High Sulphur),194
2025-07-05,,FUR. 1500 (Low),Lanka Fuel Oil 1500 Sec (Low Sulphur),194
2025-07-05,,FUR. 800,Lanka Fuel Oil Super (800),194
2025-07-05,,LAD,Lanka Auto Diesel,289
2025-07-05,,LIK,Lanka Industrial Kerosene,193
2025-07-05,,LK,Lanka Kerosene,185
2025-07-05,,LP 92,Lanka Petrol 92 Octane,305
2025-07-05,,LP 95,Lanka Petrol 95 Octane Euro 4,341
2025-07-05,,LSD,Lanka Super Diesel 4 Star Euro 4,325
2025-09-01,,FUR 1500 (High),Lanka Fuel Oil 1500 Sec (High Sulphur),194
2025-09-01,,FUR. 1500 (Low),Lanka Fuel Oil 1500 Sec (Low Sulphur),194
2025-09-01,,FUR. 800,Lanka Fuel Oil Super (800),194
2025-09-01,,LAD,Lanka Auto Diesel,283
2025-09-01,,LIK,Lanka Industrial Kerosene,193
2025-09-01,,LK,Lanka Kerosene,185
2025-09-01,,LP 92,Lanka Petrol 92 Octane,299
2025-09-01,,LP 95,Lanka Petrol 95 Octane Euro 4,341
2025-09-01,,LSD,Lanka Super Diesel 4 Star Euro 4,313
2025-10-01,,FUR 1500 (High),Lanka Fuel Oil 1500 Sec (High Sulphur),194
2025-10-01,,FUR. 1500 (Low),Lanka Fuel Oil 1500 Sec (Low Sulphur),194
2025-10-01,,FUR. 800,Lanka Fuel Oil Super (800),194
2025-10-01,,LAD,Lanka Auto Diesel,277
2025-10-01,,LIK,Lanka Industrial Kerosene,193
2025-10-01,,LK,Lanka Kerosene,180
2025-10-01,,LP 92,Lanka Petrol 92 Octane,299
2025-10-01,,LP 95,Lanka Petrol 95 Octane Euro 4,335
2025-10-01,,LSD,Lanka Super Diesel 4 Star Euro 4,313
2025-11-01,,FUR 1500 (High),Lanka Fuel Oil 1500 Sec (High Sulphur),194
2025-11-01,,FUR. 1500 (Low),Lanka Fuel Oil 1500 Sec (Low Sulphur),194
2025-11-01,,FUR. 800,Lanka Fuel Oil Super (800),194
2025-11-01,,LAD,Lanka Auto Diesel,277
2025-11-01,,LIK,Lanka Industrial Kerosene,193
2025-11-01,,LK,Lanka Kerosene,180
2025-11-01,,LP 92,Lanka Petrol 92 Octane,294
2025-11-01,,LP 95,Lanka Petrol 95 Octane Euro 4,335
2025-11-01,,LSD,Lanka Super Diesel 4 Star Euro 4,318
2026-01-06,,FUR 1500 (High),Lanka Fuel Oil 1500 Sec (High Sulphur),194
2026-01-06,,FUR. 1500 (Low),Lanka Fuel Oil 1500 Sec (Low Sulphur),194
2026-01-06,,FUR. 800,Lanka Fuel Oil Super (800),194
2026-01-06,,LAD,Lanka Auto Diesel,279
2026-01-06,,LIK,Lanka Industrial Kerosene,193
2026-01-06,,LK,Lanka Kerosene,182
2026-01-06,,LP 92,Lanka Petrol 92 Octane,294
2026-01-06,,LP 95,Lanka Petrol 95 Octane Euro 4,340
2026-01-06,,LSD,Lanka Super Diesel 4 Star Euro 4,323
2026-02-01,,FUR 1500 (High),Lanka Fuel Oil 1500 Sec (High Sulphur),194
2026-02-01,,FUR. 1500 (Low),Lanka Fuel Oil 1500 Sec (Low Sulphur),194
2026-02-01,,FUR. 800,Lanka Fuel Oil Super (800),194
2026-02-01,,LAD,Lanka Auto Diesel,277
2026-02-01,,LIK,Lanka Industrial Kerosene,193
2026-02-01,,LK,Lanka Kerosene,182
2026-02-01,,LP 92,Lanka Petrol 92 Octane,292
2026-02-01,,LP 95,Lanka Petrol 95 Octane Euro 4,340
2026-02-01,,LSD,Lanka Super Diesel 4 Star Euro 4,323
2026-03-01,,FUR 1500 (High),Lanka Fuel Oil 1500 Sec (High Sulphur),194
2026-03-01,,FUR. 1500 (Low),Lanka Fuel Oil 1500 Sec (Low Sulphur),194
2026-03-01,,FUR. 800,Lanka Fuel Oil Super (800),194
2026-03-01,,LAD,Lanka Auto Diesel,281
2026-03-01,,LIK,Lanka Industrial Kerosene,193
2026-03-01,,LK,Lanka Kerosene,182
2026-03-01,,LP 92,Lanka Petrol 92 Octane,293
2026-03-01,,LP 95,Lanka Petrol 95 Octane Euro 4,340
2026-03-01,,LSD,Lanka Super Diesel 4 Star Euro 4,329
2026-03-10,,FUR 1500 (High),Lanka Fuel Oil 1500 Sec (High Sulphur),194
2026-03-10,,FUR. 1500 (Low),Lanka Fuel Oil 1500 Sec (Low Sulphur),194
2026-03-10,,FUR. 800,Lanka Fuel Oil Super (800),194
2026-03-10,,LAD,Lanka Auto Diesel,303
2026-03-10,,LIK,Lanka Industrial Kerosene,193
2026-03-10,,LK,Lanka Kerosene,195
2026-03-10,,LP 92,Lanka Petrol 92 Octane,317
2026-03-10,,LP 95,Lanka Petrol 95 Octane Euro 4,365
2026-03-10,,LSD,Lanka Super Diesel 4 Star Euro 4,353
2026-03-22,,FUR 1500 (High),Lanka Fuel Oil 1500 Sec (High Sulphur),194
2026-03-22,,FUR. 1500 (Low),Lanka Fuel Oil 1500 Sec (Low Sulphur),194
2026-03-22,,FUR. 800,Lanka Fuel Oil Super (800),194
2026-03-22,,LAD,Lanka Auto Diesel,382
2026-03-22,,LIK,Lanka Industrial Kerosene,193
2026-03-22,,LK,Lanka Kerosene,255
2026-03-22,,LP 92,Lanka Petrol 92 Octane,398
2026-03-22,,LP 95,Lanka Petrol 95 Octane Euro 4,455
2026-03-22,,LSD,Lanka Super Diesel 4 Star Euro 4,443
2026-04-01,,FUR 1500 (High),Lanka Fuel Oil 1500 Sec (High Sulphur),332
2026-04-01,,FUR. 1500 (Low),Lanka Fuel Oil 1500 Sec (Low Sulphur),332
2026-04-01,,FUR. 800,Lanka Fuel Oil Super (800),332
2026-04-01,,LAD,Lanka Auto Diesel,382
2026-04-01,,LIK,Lanka Industrial Kerosene,434
2026-04-01,,LK,Lanka Kerosene,255
2026-04-01,,LP 92,Lanka Petrol 92 Octane,398
2026-04-01,,LP 95,Lanka Petrol 95 Octane Euro 4,455
2026-04-01,,LSD,Lanka Super Diesel 4 Star Euro 4,443
2026-05-03,,FUR 1500 (High),Lanka Fuel Oil 1500 Sec (High Sulphur),332
2026-05-03,,FUR. 1500 (Low),Lanka Fuel Oil 1500 Sec (Low Sulphur),332
2026-05-03,,FUR. 800,Lanka Fuel Oil Super (800),332
2026-05-03,,LAD,Lanka Auto Diesel,392
2026-05-03,,LIK,Lanka Industrial Kerosene,434
2026-05-03,,LK,Lanka Kerosene,265
2026-05-03,,LP 92,Lanka Petrol 92 Octane,410
2026-05-03,,LP 95,Lanka Petrol 95 Octane Euro 4,470
2026-05-03,,LSD,Lanka Super Diesel 4 Star Euro 4,458
2026-05-31,,FUR 1500 (High),Lanka Fuel Oil 1500 Sec (High Sulphur),332
2026-05-31,,FUR. 1500 (Low),Lanka Fuel Oil 1500 Sec (Low Sulphur),332
2026-05-31,,FUR. 800,Lanka Fuel Oil Super (800),332
2026-05-31,,LAD,Lanka Auto Diesel,407
2026-05-31,,LIK,Lanka Industrial Kerosene,434
2026-05-31,,LK,Lanka Kerosene,285
2026-05-31,,LP 92,Lanka Petrol 92 Octane,434
2026-05-31,,LP 95,Lanka Petrol 95 Octane Euro 4,495
2026-05-31,,LSD,Lanka Super Diesel 4 Star Euro 4,478
2026-06-30,,FUR 1500 (High),Lanka Fuel Oil 1500 Sec (High Sulphur),332
2026-06-30,,FUR. 1500 (Low),Lanka Fuel Oil 1500 Sec (Low Sulphur),332
2026-06-30,,FUR. 800,Lanka Fuel Oil Super (800),332
2026-06-30,,LAD,Lanka Auto Diesel,382
2026-06-30,,LIK,Lanka Industrial Kerosene,434
2026-06-30,,LK,Lanka Kerosene,285
2026-06-30,,LP 92,Lanka Petrol 92 Octane,414
2026-06-30,,LP 95,Lanka Petrol 95 Octane Euro 4,495
2026-06-30,,LSD,Lanka Super Diesel 4 Star Euro 4,478
2026-08-05,,FUR 1500 (High),Lanka Fuel Oil 1500 Sec (High Sulphur),322
2026-08-05,,FUR. 1500 (Low),Lanka Fuel Oil 1500 Sec (Low Sulphur),322
2026-08-05,,FUR. 800,Lanka Fuel Oil Super (800),322
2026-08-05,,LAD,Lanka Auto Diesel,382
2026-08-05,,LIK,Lanka Industrial Kerosene,382
2026-08-05,,LK,Lanka Kerosene,285
2026-08-05,,LP 92,Lanka Petrol 92 Octane,414
2026-08-05,,LP 95,Lanka Petrol 95 Octane Euro 4,495
2026-08-05,,LSD,Lanka Super Diesel 4 Star Euro 4,478
2026-08-31,,FUR 1500 (High),Lanka Fuel Oil 1500 Sec (High Sulphur),322
2026-08-31,,FUR. 1500 (Low),Lanka Fuel Oil 1500 Sec (Low Sulphur),322
2026-08-31,,FUR. 800,Lanka Fuel Oil Super (800),322
2026-08-31,,LAD,Lanka Auto Diesel,382
2026-08-31,,LIK,Lanka Industrial Kerosene,382
2026-08-31,,LK,Lanka Kerosene,285
2026-08-31,,LP 92,Lanka Petrol 92 Octane,399
2026-08-31,,LP 95,Lanka Petrol 95 Octane Euro 4,475
2026-08-31,,LSD,Lanka Super Diesel 4 Star Euro 4,478
2026-10-01,,FUR 1500 (High),Lanka Fuel Oil 1500 Sec (High Sulphur),322
2026-10-01,,FUR. 1500 (Low),Lanka Fuel Oil 1500 Sec (Low Sulphur),322
2026-10-01,,FUR. 800,Lanka Fuel Oil Super (800),322
2026-10-01,,LAD,Lanka Auto Diesel,392
2026-10-01,,LIK,Lanka Industrial Kerosene,382
2026-10-01,,LK,Lanka Kerosene,285
2026-10-01,,LP 92,Lanka Petrol 92 Octane,414
2026-10-01,,LP 95,Lanka Petrol 95 Octane Euro 4,475
2026-10-01,,LSD,Lanka Super Diesel 4 Star Euro 4,528
