time,location,latitude,longitude,wave_height_m,wave_period_s,wave_direction_deg,swell_wave_height_m,sea_surface_temp_c
2026-10-06T03:15,Colombo,6.93,79.78,0.82,11.25,186,0.72,29.2
2026-10-06T03:15,Kalpitiya,8.23,79.7,0.66,10.7,202,0.6,29.7
2026-10-06T03:15,Jaffna,9.85,80.1,0.14,3.7,212,0.12,30.8
2026-10-06T03:15,Trincomalee,8.6,81.27,0.2,8.1,92,0.14,29.7
2026-10-06T03:15,Batticaloa,7.73,81.75,0.5,9.85,128,0.46,30.8
2026-10-06T03:15,Hambantota,6.08,81.13,1.12,10.9,162,1.1,29.1
2026-10-06T03:15,Galle,5.98,80.22,1.2,11.05,163,1.14,29.1
2026-10-06T03:30,Colombo,6.93,79.78,0.82,11.25,186,0.72,29.1
2026-10-06T03:30,Kalpitiya,8.23,79.7,0.66,10.65,202,0.6,29.7
2026-10-06T03:30,Jaffna,9.85,80.1,0.14,3.7,212,0.12,30.8
2026-10-06T03:30,Trincomalee,8.6,81.27,0.2,8.1,92,0.14,29.7
2026-10-06T03:30,Batticaloa,7.73,81.75,0.5,9.9,128,0.46,30.8
2026-10-06T03:30,Hambantota,6.08,81.13,1.12,10.95,162,1.1,29.1
2026-10-06T03:30,Galle,5.98,80.22,1.2,11.05,163,1.14,29.1
2026-10-06T08:30,Colombo,6.93,79.78,0.8,11.75,186,0.64,29.4
2026-10-06T08:30,Kalpitiya,8.23,79.7,0.64,11.2,201,0.62,29.9
2026-10-06T08:30,Jaffna,9.85,80.1,0.1,4.55,211,0.08,30.9
2026-10-06T08:30,Trincomalee,8.6,81.27,0.22,8.55,89,0.14,30.0
2026-10-06T08:30,Batticaloa,7.73,81.75,0.52,10.4,126,0.42,30.9
2026-10-06T08:30,Hambantota,6.08,81.13,1.14,11.15,160,1.1,29.5
2026-10-06T08:30,Galle,5.98,80.22,1.2,11.35,163,1.1,29.3
2026-10-06T09:15,Colombo,6.93,79.78,0.8,11.75,186,0.64,29.5
2026-10-06T09:15,Kalpitiya,8.23,79.7,0.64,11.25,201,0.62,30.0
2026-10-06T09:15,Jaffna,9.85,80.1,0.1,4.5,211,0.08,31.0
2026-10-06T09:15,Trincomalee,8.6,81.27,0.22,8.55,89,0.14,30.0
2026-10-06T09:15,Batticaloa,7.73,81.75,0.52,10.4,126,0.44,31.0
2026-10-06T09:15,Hambantota,6.08,81.13,1.14,11.15,160,1.1,29.6
2026-10-06T09:15,Galle,5.98,80.22,1.22,11.35,163,1.1,29.4
2026-10-06T09:30,Colombo,6.93,79.78,0.8,11.8,186,0.64,29.5
2026-10-06T09:30,Kalpitiya,8.23,79.7,0.64,11.25,201,0.62,30.0
2026-10-06T09:30,Jaffna,9.85,80.1,0.1,4.5,211,0.08,31.0
2026-10-06T09:30,Trincomalee,8.6,81.27,0.22,8.55,89,0.14,30.1
2026-10-06T09:30,Batticaloa,7.73,81.75,0.54,10.4,126,0.44,31.0
2026-10-06T09:30,Hambantota,6.08,81.13,1.14,11.15,160,1.1,29.6
2026-10-06T09:30,Galle,5.98,80.22,1.22,11.35,163,1.1,29.4
2026-10-06T13:15,Colombo,6.93,79.78,0.82,11.85,185,0.6,29.8
2026-10-06T13:15,Kalpitiya,8.23,79.7,0.64,11.45,202,0.62,30.4
2026-10-06T13:15,Jaffna,9.85,80.1,0.1,4.7,210,0.08,31.2
2026-10-06T13:15,Trincomalee,8.6,81.27,0.22,8.5,89,0.14,30.3
2026-10-06T13:15,Batticaloa,7.73,81.75,0.56,10.4,128,0.5,31.1
2026-10-06T13:15,Hambantota,6.08,81.13,1.18,11.25,158,1.08,29.9
2026-10-06T13:15,Galle,5.98,80.22,1.26,11.35,161,1.14,29.7
2026-10-06T16:00,Colombo,6.93,79.78,0.82,11.85,185,0.58,30.0
2026-10-06T16:00,Kalpitiya,8.23,79.7,0.64,11.6,202,0.62,30.6
2026-10-06T16:00,Jaffna,9.85,80.1,0.1,4.9,207,0.06,31.2
2026-10-06T16:00,Trincomalee,8.6,81.27,0.22,8.25,90,0.14,30.3
2026-10-06T16:00,Batticaloa,7.73,81.75,0.58,10.3,128,0.52,31.1
2026-10-06T16:00,Hambantota,6.08,81.13,1.2,11.25,157,1.04,30.0
2026-10-06T16:00,Galle,5.98,80.22,1.28,11.45,161,1.14,29.8
2026-10-06T16:30,Colombo,6.93,79.78,0.82,11.9,185,0.58,30.0
2026-10-06T16:30,Kalpitiya,8.23,79.7,0.62,11.65,201,0.62,30.6
2026-10-06T16:30,Jaffna,9.85,80.1,0.1,4.9,206,0.06,31.2
2026-10-06T16:30,Trincomalee,8.6,81.27,0.22,8.2,91,0.14,30.3
2026-10-06T16:30,Batticaloa,7.73,81.75,0.58,10.25,129,0.54,31.1
2026-10-06T16:30,Hambantota,6.08,81.13,1.2,11.2,157,1.04,30.0
2026-10-06T16:30,Galle,5.98,80.22,1.28,11.45,161,1.14,29.9
2026-10-06T22:45,Colombo,6.93,79.78,0.86,12.05,186,0.62,29.5
2026-10-06T22:45,Kalpitiya,8.23,79.7,0.66,12.05,199,0.62,30.2
2026-10-06T22:45,Jaffna,9.85,80.1,0.18,2.7,81,0.1,31.0
2026-10-06T22:45,Trincomalee,8.6,81.27,0.26,5.75,98,0.14,30.0
2026-10-06T22:45,Batticaloa,7.73,81.75,0.6,9.15,126,0.52,30.9
2026-10-06T22:45,Hambantota,6.08,81.13,1.28,11.2,158,1.04,29.6
2026-10-06T22:45,Galle,5.98,80.22,1.36,11.5,160,1.16,29.5
2026-10-07T04:30,Colombo,6.93,79.78,0.88,12.2,185,0.64,29.2
2026-10-07T04:30,Kalpitiya,8.23,79.7,0.66,12.35,198,0.64,29.9
2026-10-07T04:30,Jaffna,9.85,80.1,0.12,3.55,132,0.08,30.9
2026-10-07T04:30,Trincomalee,8.6,81.27,0.26,6.65,96,0.14,29.8
2026-10-07T04:30,Batticaloa,7.73,81.75,0.58,9.7,129,0.54,30.8
2026-10-07T04:30,Hambantota,6.08,81.13,1.32,11.25,158,1.18,29.3
2026-10-07T04:30,Galle,5.98,80.22,1.4,11.55,161,1.14,29.2
