date,river,latitude,longitude,discharge_m3s
2026-10-05,Kelani Ganga,6.925,79.975,138.0
2026-10-05,Kalu Ganga,6.575,79.975,170.4
2026-10-05,Mahaweli Ganga,7.875,81.025,86.1
2026-10-05,Gin Ganga,6.075,80.125,41.07
2026-10-05,Nilwala Ganga,5.925,80.525,25.73
2026-10-05,Walawe Ganga,6.125,80.975,28.79
2026-10-05,Deduru Oya,7.625,79.775,12.74
2026-10-05,Kala Oya,8.225,79.925,4.26
2026-09-29,Kelani Ganga,6.925,79.975,157.49
2026-09-30,Kelani Ganga,6.925,79.975,153.53
2026-10-01,Kelani Ganga,6.925,79.975,141.56
2026-10-02,Kelani Ganga,6.925,79.975,137.36
2026-10-03,Kelani Ganga,6.925,79.975,139.93
2026-10-04,Kelani Ganga,6.925,79.975,139.28
2026-09-29,Kalu Ganga,6.575,79.975,188.23
2026-09-30,Kalu Ganga,6.575,79.975,184.78
2026-10-01,Kalu Ganga,6.575,79.975,170.4
2026-10-02,Kalu Ganga,6.575,79.975,164.2
2026-10-03,Kalu Ganga,6.575,79.975,166.49
2026-10-04,Kalu Ganga,6.575,79.975,162.68
2026-09-29,Mahaweli Ganga,7.875,81.025,71.95
2026-09-30,Mahaweli Ganga,7.875,81.025,73.47
2026-10-01,Mahaweli Ganga,7.875,81.025,75.21
2026-10-02,Mahaweli Ganga,7.875,81.025,80.85
2026-10-03,Mahaweli Ganga,7.875,81.025,82.75
2026-10-04,Mahaweli Ganga,7.875,81.025,85.3
2026-09-29,Gin Ganga,6.075,80.125,48.89
2026-09-30,Gin Ganga,6.075,80.125,47.19
2026-10-01,Gin Ganga,6.075,80.125,43.16
2026-10-02,Gin Ganga,6.075,80.125,41.56
2026-10-03,Gin Ganga,6.075,80.125,42.15
2026-10-04,Gin Ganga,6.075,80.125,40.11
2026-09-29,Nilwala Ganga,5.925,80.525,30.05
2026-09-30,Nilwala Ganga,5.925,80.525,28.79
2026-10-01,Nilwala Ganga,5.925,80.525,26.16
2026-10-02,Nilwala Ganga,5.925,80.525,27.18
2026-10-03,Nilwala Ganga,5.925,80.525,30.33
2026-10-04,Nilwala Ganga,5.925,80.525,24.29
2026-09-29,Walawe Ganga,6.125,80.975,26.8
2026-09-30,Walawe Ganga,6.125,80.975,25.67
2026-10-01,Walawe Ganga,6.125,80.975,24.82
2026-10-02,Walawe Ganga,6.125,80.975,26.42
2026-10-03,Walawe Ganga,6.125,80.975,26.73
2026-10-04,Walawe Ganga,6.125,80.975,25.73
2026-09-29,Deduru Oya,7.625,79.775,13.72
2026-09-30,Deduru Oya,7.625,79.775,13.45
2026-10-01,Deduru Oya,7.625,79.775,12.43
2026-10-02,Deduru Oya,7.625,79.775,12.61
2026-10-03,Deduru Oya,7.625,79.775,13.66
2026-10-04,Deduru Oya,7.625,79.775,12.18
2026-09-29,Kala Oya,8.225,79.925,4.74
2026-09-30,Kala Oya,8.225,79.925,4.53
2026-10-01,Kala Oya,8.225,79.925,4.24
2026-10-02,Kala Oya,8.225,79.925,4.5
2026-10-03,Kala Oya,8.225,79.925,5.18
2026-10-04,Kala Oya,8.225,79.925,4.31
