date,city,latitude,longitude,radiation_kwh_m2,sunshine_hours,daylight_hours,uv_index_max
2026-10-05,Wellawaya,6.7378,81.1031,5.464,10.22,12.04,8.5
2026-10-05,Colombo,6.9271,79.8612,5.936,9.47,12.03,8.5
2026-10-05,Kandy,7.2906,80.6337,5.289,8.29,12.03,8.45
2026-10-05,Galle,6.0535,80.221,6.253,11.13,12.04,8.85
2026-10-05,Jaffna,9.6615,80.0255,6.283,11.0,12.0,8.1
2026-10-05,Nuwara Eliya,6.9497,80.7891,4.333,8.77,12.03,8.75
2026-10-05,Trincomalee,8.5874,81.2152,6.808,11.18,12.02,8.9
2026-10-05,Gampaha,7.0917,79.9997,5.847,9.51,12.03,7.9
2026-10-05,Kalutara,6.5854,79.9607,6.247,9.64,12.04,8.65
2026-10-05,Matale,7.4675,80.6234,5.694,8.75,12.03,8.6
2026-10-05,Matara,5.9549,80.555,6.517,11.19,12.04,8.7
2026-10-05,Hambantota,6.1241,81.1185,6.589,11.3,12.04,8.35
2026-10-05,Kilinochchi,9.3803,80.377,6.567,11.08,12.01,8.5
2026-10-05,Mannar,8.981,79.9044,6.483,11.03,12.01,8.8
2026-10-05,Vavuniya,8.7514,80.4971,6.444,11.2,12.01,8.45
2026-10-05,Mullaitivu,9.2671,80.8142,6.817,11.19,12.01,8.45
2026-10-05,Batticaloa,7.731,81.6747,6.675,11.22,12.03,9.0
2026-10-05,Ampara,7.2975,81.682,6.322,11.35,12.03,7.9
2026-10-05,Kurunegala,7.4863,80.3623,5.783,9.21,12.03,8.55
2026-10-05,Puttalam,8.0362,79.8283,5.881,10.82,12.02,8.95
2026-10-05,Anuradhapura,8.3114,80.4037,6.394,11.13,12.02,8.95
2026-10-05,Polonnaruwa,7.9403,81.0188,6.217,10.24,12.02,8.5
2026-10-05,Badulla,6.9934,81.055,5.15,9.74,12.03,8.55
2026-10-05,Monaragala,6.8728,81.3507,5.919,10.29,12.04,8.3
2026-10-05,Ratnapura,6.6828,80.3992,5.339,7.19,12.04,9.05
2026-10-05,Kegalle,7.2513,80.3464,5.678,8.81,12.03,9.0
