year,month,month_name,arrivals,complete,as_of
2018,1,January,238924,true,
2025,1,January,252761,true,
2026,1,January,277327,true,
2018,2,February,235618,true,
2025,2,February,240217,true,
2026,2,February,279328,true,
2018,3,March,233382,true,
2025,3,March,229298,true,
2026,3,March,183979,true,
2018,4,April,180429,true,
2025,4,April,174608,true,
2026,4,April,135643,true,
2018,5,May,129466,true,
2025,5,May,132919,true,
2026,5,May,145745,true,
2018,6,June,146828,true,
2025,6,June,138241,true,
2026,6,June,124551,true,
2018,7,July,217829,true,
2025,7,July,200244,true,
2026,7,July,196845,true,
2018,8,August,200359,true,
2025,8,August,198235,true,
2026,8,August,191704,true,
2018,9,September,149087,true,
2025,9,September,158971,true,
2026,9,September,158557,true,
2018,10,October,153123,true,
2025,10,October,165193,true,
2026,10,October,23349,false,2026-10-04
2018,11,November,195582,true,
2025,11,November,212906,true,
2018,12,December,253169,true,
2025,12,December,258928,true,
