date,city,latitude,longitude,temp_max_c,temp_min_c,precipitation_mm,wind_speed_max_kmh,humidity_mean_pct
2026-10-05,Wellawaya,6.7378,81.1031,32.2,24.3,8.9,11.9,81
2026-10-05,Colombo,6.9271,79.8612,31.7,24.8,1.8,10.5,81
2026-10-05,Kandy,7.2906,80.6337,30.0,21.5,26.8,8.5,89
2026-10-05,Galle,6.0535,80.221,31.6,24.5,1.2,13.6,76
2026-10-05,Jaffna,9.6615,80.0255,33.1,27.7,2.4,10.3,71
2026-10-05,Nuwara Eliya,6.9497,80.7891,20.1,13.1,12.3,7.0,94
2026-10-05,Trincomalee,8.5874,81.2152,31.9,24.7,0.2,14.5,78
2026-10-05,Gampaha,7.0917,79.9997,31.5,24.1,7.7,9.7,89
2026-10-05,Kalutara,6.5854,79.9607,31.5,24.1,3.7,13.2,84
2026-10-05,Matale,7.4675,80.6234,30.6,22.1,14.2,10.3,90
2026-10-05,Matara,5.9549,80.555,32.1,24.3,4.9,15.5,80
2026-10-05,Hambantota,6.1241,81.1185,32.2,25.8,3.4,17.5,77
2026-10-05,Kilinochchi,9.3803,80.377,35.8,25.4,3.8,16.2,69
2026-10-05,Mannar,8.981,79.9044,32.4,26.9,1.9,16.4,74
2026-10-05,Vavuniya,8.7514,80.4971,34.5,24.2,5.2,11.9,81
2026-10-05,Mullaitivu,9.2671,80.8142,31.7,25.9,0.0,18.3,73
2026-10-05,Batticaloa,7.731,81.6747,32.7,25.4,3.0,15.7,78
2026-10-05,Ampara,7.2975,81.682,34.0,24.9,6.5,11.5,80
2026-10-05,Kurunegala,7.4863,80.3623,31.9,23.0,8.8,9.7,88
2026-10-05,Puttalam,8.0362,79.8283,31.8,24.7,4.9,13.0,85
2026-10-05,Anuradhapura,8.3114,80.4037,33.4,24.5,3.9,16.9,83
2026-10-05,Polonnaruwa,7.9403,81.0188,35.0,24.3,6.1,13.3,82
2026-10-05,Badulla,6.9934,81.055,29.4,20.5,7.8,7.0,85
2026-10-05,Monaragala,6.8728,81.3507,33.9,23.8,6.8,15.9,85
2026-10-05,Ratnapura,6.6828,80.3992,33.2,23.9,23.5,7.2,89
2026-10-05,Kegalle,7.2513,80.3464,32.5,23.1,14.6,15.4,91
