time,city,latitude,longitude,temp_c,feels_like_c,humidity_pct,precipitation_mm,cloud_cover_pct,wind_speed_kmh,wind_direction_deg,uv_index
2026-10-06T03:15,Wellawaya,6.7378,81.1031,23.0,27.7,94,0.0,30,1.5,330,0.0
2026-10-06T03:15,Colombo,6.9271,79.8612,24.8,30.0,93,0.0,8,4.4,55,0.0
2026-10-06T03:15,Kandy,7.2906,80.6337,21.6,25.5,96,0.0,81,2.4,103,0.0
2026-10-06T03:15,Galle,6.0535,80.221,24.7,29.1,89,0.0,22,6.2,12,0.0
2026-10-06T03:15,Jaffna,9.6615,80.0255,27.8,33.1,82,0.0,15,6.9,217,0.0
2026-10-06T03:15,Nuwara Eliya,6.9497,80.7891,13.0,13.6,100,0.0,98,2.4,287,0.0
2026-10-06T03:15,Trincomalee,8.5874,81.2152,24.8,29.7,93,0.0,1,7.1,246,0.0
2026-10-06T03:30,Wellawaya,6.7378,81.1031,22.9,27.6,94,0.0,32,1.5,330,0.0
2026-10-06T03:30,Colombo,6.9271,79.8612,24.7,29.9,93,0.0,8,4.4,55,0.0
2026-10-06T03:30,Kandy,7.2906,80.6337,21.6,25.5,96,0.0,78,2.4,103,0.0
2026-10-06T03:30,Galle,6.0535,80.221,24.7,29.0,89,0.0,23,6.3,13,0.0
2026-10-06T03:30,Jaffna,9.6615,80.0255,27.8,33.0,82,0.0,19,7.1,225,0.0
2026-10-06T03:30,Nuwara Eliya,6.9497,80.7891,13.0,13.6,100,0.0,98,2.3,288,0.0
2026-10-06T03:30,Trincomalee,8.5874,81.2152,24.8,29.6,93,0.0,1,7.2,248,0.0
2026-10-06T03:30,Gampaha,7.0917,79.9997,23.6,28.9,99,0.0,6,3.1,87,0.0
2026-10-06T03:30,Kalutara,6.5854,79.9607,23.8,28.9,96,0.0,8,3.3,45,0.0
2026-10-06T03:30,Matale,7.4675,80.6234,23.4,27.9,89,0.0,9,0.9,101,0.0
2026-10-06T03:30,Matara,5.9549,80.555,24.4,28.7,91,0.0,26,7.5,330,0.0
2026-10-06T03:30,Hambantota,6.1241,81.1185,25.7,32.3,95,0.0,41,0.3,315,0.0
2026-10-06T03:30,Kilinochchi,9.3803,80.377,26.0,31.1,87,0.0,41,5.4,194,0.0
2026-10-06T03:30,Mannar,8.981,79.9044,27.0,32.0,85,0.0,88,9.2,157,0.0
2026-10-06T03:30,Vavuniya,8.7514,80.4971,24.3,29.3,94,0.0,93,4.2,230,0.0
2026-10-06T03:30,Mullaitivu,9.2671,80.8142,26.1,31.0,87,0.0,38,6.7,239,0.0
2026-10-06T03:30,Batticaloa,7.731,81.6747,25.5,31.4,98,0.0,2,5.8,274,0.0
2026-10-06T03:30,Ampara,7.2975,81.682,25.0,31.0,96,0.0,10,1.5,346,0.0
2026-10-06T03:30,Kurunegala,7.4863,80.3623,22.7,27.1,98,0.0,16,4.5,133,0.0
2026-10-06T03:30,Puttalam,8.0362,79.8283,24.4,29.1,94,0.0,97,6.7,121,0.0
2026-10-06T03:30,Anuradhapura,8.3114,80.4037,24.2,29.9,99,0.0,99,2.9,210,0.0
2026-10-06T03:30,Polonnaruwa,7.9403,81.0188,24.2,29.7,97,0.0,20,2.9,263,0.0
2026-10-06T03:30,Badulla,6.9934,81.055,20.9,24.0,91,0.0,25,3.1,170,0.0
2026-10-06T03:30,Monaragala,6.8728,81.3507,22.7,27.4,100,0.0,100,3.8,360,0.0
2026-10-06T03:30,Ratnapura,6.6828,80.3992,23.8,29.3,97,0.0,30,2.0,153,0.0
2026-10-06T03:30,Kegalle,7.2513,80.3464,23.1,27.7,98,0.0,81,4.8,110,0.0
2026-10-06T08:30,Wellawaya,6.7378,81.1031,27.8,33.1,77,0.0,7,2.8,130,4.15
2026-10-06T08:30,Colombo,6.9271,79.8612,29.1,34.9,72,0.0,5,0.7,90,3.8
2026-10-06T08:30,Kandy,7.2906,80.6337,26.9,31.9,76,0.0,9,0.6,34,4.05
2026-10-06T08:30,Galle,6.0535,80.221,28.2,34.2,82,0.0,20,3.5,309,4.0
2026-10-06T08:30,Jaffna,9.6615,80.0255,30.2,35.1,69,0.0,29,7.6,202,3.85
2026-10-06T08:30,Nuwara Eliya,6.9497,80.7891,17.7,19.0,86,0.0,9,4.1,52,4.25
2026-10-06T08:30,Trincomalee,8.5874,81.2152,29.8,35.1,68,0.0,2,2.2,138,4.0
2026-10-06T08:30,Gampaha,7.0917,79.9997,29.0,35.0,76,0.0,3,2.1,105,3.3
2026-10-06T08:30,Kalutara,6.5854,79.9607,28.4,34.8,81,0.0,7,1.3,16,3.85
2026-10-06T08:30,Matale,7.4675,80.6234,26.3,32.2,87,0.0,1,0.8,297,4.05
2026-10-06T08:30,Matara,5.9549,80.555,28.4,34.3,80,0.0,79,4.3,298,4.0
2026-10-06T08:30,Hambantota,6.1241,81.1185,28.8,34.7,78,0.0,64,3.4,360,4.15
2026-10-06T08:30,Kilinochchi,9.3803,80.377,30.7,35.5,63,0.0,7,3.8,197,3.9
2026-10-06T08:30,Mannar,8.981,79.9044,29.5,35.2,74,0.0,13,3.8,205,3.85
2026-10-06T08:30,Vavuniya,8.7514,80.4971,29.5,34.6,67,0.0,1,2.3,225,3.9
2026-10-06T08:30,Mullaitivu,9.2671,80.8142,30.3,35.4,65,0.0,1,2.5,159,3.95
2026-10-06T08:30,Batticaloa,7.731,81.6747,30.2,35.4,68,0.0,16,3.6,81,4.15
2026-10-06T08:30,Ampara,7.2975,81.682,30.2,35.5,68,0.0,23,3.2,56,4.15
2026-10-06T08:30,Kurunegala,7.4863,80.3623,28.0,33.4,76,0.0,3,2.2,166,3.95
2026-10-06T08:30,Puttalam,8.0362,79.8283,29.6,35.3,71,0.0,5,1.9,163,3.85
2026-10-06T08:30,Anuradhapura,8.3114,80.4037,29.0,34.4,72,0.0,0,1.8,233,3.9
2026-10-06T08:30,Polonnaruwa,7.9403,81.0188,29.3,34.7,71,0.0,2,2.2,222,3.95
2026-10-06T08:30,Badulla,6.9934,81.055,24.8,29.1,81,0.0,2,2.1,255,4.2
2026-10-06T08:30,Monaragala,6.8728,81.3507,27.9,33.2,78,0.0,5,4.2,25,4.1
2026-10-06T08:30,Ratnapura,6.6828,80.3992,28.4,35.1,84,0.0,13,2.2,138,3.8
2026-10-06T08:30,Kegalle,7.2513,80.3464,29.0,35.3,77,0.0,4,1.4,140,3.9
2026-10-06T09:15,Wellawaya,6.7378,81.1031,29.1,35.0,70,0.0,9,4.2,108,5.8
2026-10-06T09:15,Colombo,6.9271,79.8612,30.1,36.1,67,0.0,22,2.2,279,5.55
2026-10-06T09:15,Kandy,7.2906,80.6337,28.0,33.4,68,0.0,12,1.7,18,5.75
2026-10-06T09:15,Galle,6.0535,80.221,29.2,35.7,76,0.0,71,4.6,296,5.7
2026-10-06T09:15,Jaffna,9.6615,80.0255,30.6,36.0,67,0.1,30,7.6,195,5.5
2026-10-06T09:15,Nuwara Eliya,6.9497,80.7891,19.1,20.9,74,0.0,3,5.7,62,6.0
2026-10-06T09:15,Trincomalee,8.5874,81.2152,30.6,36.3,64,0.0,1,4.1,105,5.65
2026-10-06T09:15,Gampaha,7.0917,79.9997,30.3,37.2,71,0.0,7,1.1,279,5.5
2026-10-06T09:15,Kalutara,6.5854,79.9607,29.8,36.6,72,0.0,17,1.9,311,5.6
2026-10-06T09:15,Matale,7.4675,80.6234,27.8,34.2,76,0.0,13,1.5,306,5.75
2026-10-06T09:15,Matara,5.9549,80.555,29.7,35.9,73,0.0,63,5.2,284,5.75
2026-10-06T09:15,Hambantota,6.1241,81.1185,30.0,36.2,69,0.0,34,2.6,16,5.85
2026-10-06T09:15,Kilinochchi,9.3803,80.377,31.8,37.1,57,0.0,7,2.5,150,5.6
2026-10-06T09:15,Mannar,8.981,79.9044,30.3,36.4,69,0.0,13,4.1,229,5.5
2026-10-06T09:15,Vavuniya,8.7514,80.4971,30.7,36.2,60,0.0,5,1.8,156,5.6
2026-10-06T09:15,Mullaitivu,9.2671,80.8142,31.0,36.3,61,0.0,4,5.0,90,5.6
2026-10-06T09:15,Batticaloa,7.731,81.6747,31.0,36.5,64,0.0,19,6.5,85,5.85
2026-10-06T09:15,Ampara,7.2975,81.682,31.4,37.1,61,0.0,23,2.9,60,5.85
2026-10-06T09:15,Kurunegala,7.4863,80.3623,29.2,35.6,70,0.0,14,0.6,162,5.65
2026-10-06T09:15,Puttalam,8.0362,79.8283,30.8,37.2,65,0.0,14,0.4,153,5.55
2026-10-06T09:15,Anuradhapura,8.3114,80.4037,30.1,36.1,65,0.0,4,1.1,108,5.6
2026-10-06T09:15,Polonnaruwa,7.9403,81.0188,30.7,36.6,63,0.0,4,1.9,158,5.65
2026-10-06T09:15,Badulla,6.9934,81.055,26.6,31.6,70,0.0,10,2.2,318,5.9
2026-10-06T09:15,Monaragala,6.8728,81.3507,29.7,35.2,66,0.0,7,5.4,15,5.85
2026-10-06T09:15,Ratnapura,6.6828,80.3992,29.6,36.6,73,0.0,31,1.0,315,5.6
2026-10-06T09:15,Kegalle,7.2513,80.3464,29.1,36.0,74,0.0,16,0.3,315,5.65
